feature,F,p_value
has_abstract,7484.9188525201025,0.0
has_doi,14211.170527478986,0.0
has_grants,113978.04155073012,0.0
has_pmid,62271.670136370805,0.0
is_in_doaj,22816.7198987854,0.0
max_concept_score,30512.270249112004,0.0
nlp_avg_sentence_length,8983.297879172886,0.0
nlp_capital_ratio,8248.977511607785,0.0
nlp_number_ratio,4715.171681936844,0.0
num_authors,29663.185053162975,0.0
num_concepts,52558.709529756125,0.0
num_grants,78342.77945098237,0.0
num_high_concepts,52055.304498976046,0.0
num_institutions,72552.38232604075,0.0
num_locations,65451.32330410482,0.0
title_length,24492.26154474519,0.0
title_word_count,17376.417455084786,0.0
scibert_dim_1,15741.18979867833,0.0
scibert_dim_10,5276.65019473576,0.0
scibert_dim_100,2535.5178919995988,0.0
scibert_dim_101,5196.545262966902,0.0
scibert_dim_102,12463.326903503159,0.0
scibert_dim_104,9293.113267143337,0.0
scibert_dim_105,6190.026460005607,0.0
scibert_dim_107,8730.399884912305,0.0
scibert_dim_108,18289.870081735477,0.0
scibert_dim_109,7816.826236986205,0.0
scibert_dim_111,5154.422900008313,0.0
scibert_dim_113,8148.418707106673,0.0
scibert_dim_114,6272.114132934352,0.0
scibert_dim_115,3050.3535112519767,0.0
scibert_dim_116,1579.9365195414143,0.0
scibert_dim_117,3481.383405331643,0.0
scibert_dim_118,1597.8812559505639,0.0
scibert_dim_119,11322.02779860723,0.0
scibert_dim_121,3097.033416866245,0.0
scibert_dim_122,4898.729459154222,0.0
scibert_dim_124,3113.460599527631,0.0
scibert_dim_126,4287.625537704184,0.0
scibert_dim_127,2829.0580330188586,0.0
scibert_dim_128,3394.192306378492,0.0
scibert_dim_129,5856.593942423136,0.0
scibert_dim_131,7551.601136122453,0.0
scibert_dim_133,4490.338486030796,0.0
scibert_dim_135,6653.942124994183,0.0
scibert_dim_136,4593.4344377850575,0.0
scibert_dim_137,2347.42261154209,0.0
scibert_dim_138,8011.163172347025,0.0
scibert_dim_14,1832.3830725748328,0.0
scibert_dim_140,1503.8112086746048,0.0
scibert_dim_141,1813.2069862601002,0.0
scibert_dim_143,5060.082974785319,0.0
scibert_dim_144,17487.635155359407,0.0
scibert_dim_145,3592.0595059116745,0.0
scibert_dim_146,3910.3604153357524,0.0
scibert_dim_147,4172.915933059321,0.0
scibert_dim_148,14945.391219183743,0.0
scibert_dim_149,8257.955695727387,0.0
scibert_dim_15,2078.4271216821953,0.0
scibert_dim_151,12039.558525242051,0.0
scibert_dim_152,5750.067204403598,0.0
scibert_dim_154,4705.978145584191,0.0
scibert_dim_16,2471.980244967295,0.0
scibert_dim_160,6288.1734932335685,0.0
scibert_dim_161,12112.158949563558,0.0
scibert_dim_163,6213.221852882111,0.0
scibert_dim_164,3626.7394357848675,0.0
scibert_dim_165,13060.223170776304,0.0
scibert_dim_167,2685.340495537431,0.0
scibert_dim_169,3079.1571123172803,0.0
scibert_dim_17,16635.56770284397,0.0
scibert_dim_173,6788.627154039396,0.0
scibert_dim_174,5897.677472908568,0.0
scibert_dim_175,15915.340191725298,0.0
scibert_dim_176,7664.88509864767,0.0
scibert_dim_177,2477.3581407742754,0.0
scibert_dim_178,10700.526939997486,0.0
scibert_dim_180,3447.007135181761,0.0
scibert_dim_181,3110.2149392899473,0.0
scibert_dim_182,2643.0504091317844,0.0
scibert_dim_183,4518.4514181057575,0.0
scibert_dim_185,4064.356306509991,0.0
scibert_dim_186,13896.927884336434,0.0
scibert_dim_187,2019.9978268878485,0.0
scibert_dim_192,8441.973418388508,0.0
scibert_dim_193,2262.0530769448046,0.0
scibert_dim_194,25315.72478319592,0.0
scibert_dim_197,2266.402653899367,0.0
scibert_dim_198,3409.5119254422484,0.0
scibert_dim_2,1492.1111397967945,0.0
scibert_dim_200,9917.655177984849,0.0
scibert_dim_201,2680.2311760306784,0.0
scibert_dim_203,3478.8847054799135,0.0
scibert_dim_204,1626.6359281563145,0.0
scibert_dim_205,5926.446148124745,0.0
scibert_dim_206,5072.406963598327,0.0
scibert_dim_207,2561.476549815306,0.0
scibert_dim_209,26131.442238557418,0.0
scibert_dim_210,3528.87032150952,0.0
scibert_dim_211,4272.812997955055,0.0
scibert_dim_216,9052.404290336899,0.0
scibert_dim_218,3312.3879012205466,0.0
scibert_dim_221,2349.6229170108263,0.0
scibert_dim_223,19183.661800225666,0.0
scibert_dim_224,8467.484178759627,0.0
scibert_dim_225,1631.4162874828362,0.0
scibert_dim_226,4853.947160585779,0.0
scibert_dim_227,5105.899560574379,0.0
scibert_dim_228,19636.22827158041,0.0
scibert_dim_229,8028.0727152416075,0.0
scibert_dim_23,1871.5446316723107,0.0
scibert_dim_230,10908.718917535218,0.0
scibert_dim_231,3030.0216720813864,0.0
scibert_dim_233,4493.340884075384,0.0
scibert_dim_234,11548.491352903102,0.0
scibert_dim_235,13774.336976758053,0.0
scibert_dim_237,3806.6644212167866,0.0
scibert_dim_238,8656.582857692245,0.0
scibert_dim_24,6883.784446004194,0.0
scibert_dim_241,7223.662769409684,0.0
scibert_dim_242,7717.932838309262,0.0
scibert_dim_243,7133.083603496482,0.0
scibert_dim_244,2103.5078724658865,0.0
scibert_dim_250,7830.697690645106,0.0
scibert_dim_251,2535.099736803038,0.0
scibert_dim_252,4094.718129166941,0.0
scibert_dim_253,2416.4307731218055,0.0
scibert_dim_254,3506.2732906158844,0.0
scibert_dim_257,3487.616820260129,0.0
scibert_dim_259,9338.219901236998,0.0
scibert_dim_26,4798.769458971688,0.0
scibert_dim_260,4224.668437849441,0.0
scibert_dim_261,1622.89858857408,0.0
scibert_dim_262,4861.0773930463865,0.0
scibert_dim_263,4141.374076334,0.0
scibert_dim_264,10352.145695538631,0.0
scibert_dim_268,3991.1577219497794,0.0
scibert_dim_269,1516.2437522186128,0.0
scibert_dim_270,2955.413478978605,0.0
scibert_dim_275,22931.326933451077,0.0
scibert_dim_276,7146.378969262934,0.0
scibert_dim_277,7676.457667001678,0.0
scibert_dim_279,8108.979871656081,0.0
scibert_dim_281,28846.35255590914,0.0
scibert_dim_282,3595.0832064550923,0.0
scibert_dim_283,3182.74752147227,0.0
scibert_dim_284,7882.422152018892,0.0
scibert_dim_288,6713.817417553127,0.0
scibert_dim_289,8559.511707832111,0.0
scibert_dim_29,15436.456491023187,0.0
scibert_dim_290,13611.100097164626,0.0
scibert_dim_291,5190.2267070590915,0.0
scibert_dim_293,11482.215570090713,0.0
scibert_dim_295,2346.529218433828,0.0
scibert_dim_297,7591.420917702983,0.0
scibert_dim_298,1508.2155798521653,0.0
scibert_dim_299,12379.116282987969,0.0
scibert_dim_30,2941.9615954913897,0.0
scibert_dim_300,5737.533344529973,0.0
scibert_dim_301,5719.7708390778025,0.0
scibert_dim_303,3962.7148448235985,0.0
scibert_dim_304,4545.752302186669,0.0
scibert_dim_305,18083.80094862812,0.0
scibert_dim_307,1488.56881885541,0.0
scibert_dim_31,2029.4130027594872,0.0
scibert_dim_310,3142.8516519920217,0.0
scibert_dim_312,7401.858830057217,0.0
scibert_dim_313,3716.375271624506,0.0
scibert_dim_316,11124.660537187785,0.0
scibert_dim_317,8701.06744496569,0.0
scibert_dim_319,18061.1914709985,0.0
scibert_dim_32,1610.4204256856026,0.0
scibert_dim_320,3265.55529041356,0.0
scibert_dim_322,6575.377350075064,0.0
scibert_dim_324,1984.6778356092477,0.0
scibert_dim_325,8752.642700552395,0.0
scibert_dim_327,3114.3506318810864,0.0
scibert_dim_332,3405.8468939340087,0.0
scibert_dim_333,1903.4903133161379,0.0
scibert_dim_335,5575.263298512358,0.0
scibert_dim_336,10407.633376490645,0.0
scibert_dim_338,4458.013341076662,0.0
scibert_dim_339,3548.2291435842512,0.0
scibert_dim_34,22235.67521664926,0.0
scibert_dim_340,2306.3677945281465,0.0
scibert_dim_341,7173.620925018206,0.0
scibert_dim_342,7892.3685754118715,0.0
scibert_dim_344,5371.577349893739,0.0
scibert_dim_345,2839.09774839649,0.0
scibert_dim_347,18685.7609016441,0.0
scibert_dim_349,2399.550859520846,0.0
scibert_dim_35,2035.437238601819,0.0
scibert_dim_350,20069.532739926344,0.0
scibert_dim_352,1637.5750251580691,0.0
scibert_dim_353,4454.2992326513595,0.0
scibert_dim_354,6846.684415737641,0.0
scibert_dim_355,9464.604200650469,0.0
scibert_dim_356,11499.081101251582,0.0
scibert_dim_357,5406.1373130576,0.0
scibert_dim_359,6434.500579802071,0.0
scibert_dim_36,13854.17605513107,0.0
scibert_dim_360,2559.3040074423725,0.0
scibert_dim_362,10268.046027868073,0.0
scibert_dim_363,1592.604793549179,0.0
scibert_dim_365,17294.62956249947,0.0
scibert_dim_366,8201.245104257408,0.0
scibert_dim_368,5444.462958547972,0.0
scibert_dim_369,6406.711650410961,0.0
scibert_dim_37,7258.583327703251,0.0
scibert_dim_370,1494.9396925249278,0.0
scibert_dim_371,1654.575977584922,0.0
scibert_dim_372,7028.853678179401,0.0
scibert_dim_375,5278.475981108866,0.0
scibert_dim_376,2729.56860774701,0.0
scibert_dim_377,9423.866798842659,0.0
scibert_dim_38,7402.571071324559,0.0
scibert_dim_382,1980.501548739959,0.0
scibert_dim_385,1687.9545621242132,0.0
scibert_dim_386,1737.098134639429,0.0
scibert_dim_387,1826.3664228210494,0.0
scibert_dim_388,4676.492967702793,0.0
scibert_dim_389,1602.1668792203752,0.0
scibert_dim_392,1526.90104625708,0.0
scibert_dim_393,7356.967813961208,0.0
scibert_dim_398,5113.401554025784,0.0
scibert_dim_399,1911.939411159206,0.0
scibert_dim_400,7509.638787257341,0.0
scibert_dim_401,6650.965316717373,0.0
scibert_dim_403,2895.3443517217715,0.0
scibert_dim_404,4312.087735566009,0.0
scibert_dim_405,12595.518183827053,0.0
scibert_dim_406,3215.789732502446,0.0
scibert_dim_407,3765.5056471150438,0.0
scibert_dim_41,14899.855843803382,0.0
scibert_dim_410,2339.7204831498016,0.0
scibert_dim_411,5828.38277197201,0.0
scibert_dim_412,13125.759064916758,0.0
scibert_dim_413,6587.235392645985,0.0
scibert_dim_414,25001.542660663163,0.0
scibert_dim_417,2176.020250838628,0.0
scibert_dim_418,10187.662438522031,0.0
scibert_dim_42,17559.78284776547,0.0
scibert_dim_422,3520.4991089530454,0.0
scibert_dim_423,15602.336763073316,0.0
scibert_dim_424,13287.175795783696,0.0
scibert_dim_426,4664.100361325447,0.0
scibert_dim_427,3721.402495530359,0.0
scibert_dim_428,16184.570821666912,0.0
scibert_dim_429,5043.70370199314,0.0
scibert_dim_43,2342.9942178064716,0.0
scibert_dim_434,3179.9248268138085,0.0
scibert_dim_435,4540.691416251737,0.0
scibert_dim_436,1584.0469418312443,0.0
scibert_dim_437,5779.314223115667,0.0
scibert_dim_44,1994.9731286576925,0.0
scibert_dim_440,23727.409092534876,0.0
scibert_dim_444,18705.951319571748,0.0
scibert_dim_445,1773.6286328269935,0.0
scibert_dim_446,2987.0799188739534,0.0
scibert_dim_447,10174.746271344527,0.0
scibert_dim_448,3781.4499692386294,0.0
scibert_dim_451,15197.719089297601,0.0
scibert_dim_452,16196.451199401803,0.0
scibert_dim_453,15561.415712020935,0.0
scibert_dim_455,9235.159196780553,0.0
scibert_dim_456,14701.189178227634,0.0
scibert_dim_458,2442.15244753499,0.0
scibert_dim_463,5012.535982668621,0.0
scibert_dim_464,6905.354840063005,0.0
scibert_dim_466,8497.111378845433,0.0
scibert_dim_467,2408.0529943458832,0.0
scibert_dim_468,7141.176101333118,0.0
scibert_dim_469,4316.321359083181,0.0
scibert_dim_47,15816.586463019823,0.0
scibert_dim_470,4559.914891388166,0.0
scibert_dim_473,2787.7434121219353,0.0
scibert_dim_475,4492.284193848891,0.0
scibert_dim_476,3035.3423006529406,0.0
scibert_dim_479,2022.0004678209598,0.0
scibert_dim_48,4157.066139795083,0.0
scibert_dim_480,4297.087877870755,0.0
scibert_dim_481,4337.810703539382,0.0
scibert_dim_484,6393.69437440641,0.0
scibert_dim_485,2020.8371995799905,0.0
scibert_dim_486,2598.6216358030556,0.0
scibert_dim_487,4281.000462536466,0.0
scibert_dim_488,2706.312692178752,0.0
scibert_dim_49,5147.316866564601,0.0
scibert_dim_490,1534.6405955734915,0.0
scibert_dim_491,1898.9034254601868,0.0
scibert_dim_495,3466.6972746527185,0.0
scibert_dim_496,10194.719852088745,0.0
scibert_dim_497,8459.594775938955,0.0
scibert_dim_499,4369.088776073904,0.0
scibert_dim_50,18109.63048079288,0.0
scibert_dim_500,12317.083304770274,0.0
scibert_dim_503,3056.5877141498063,0.0
scibert_dim_505,11925.505417258913,0.0
scibert_dim_506,3092.629461260278,0.0
scibert_dim_507,1784.8372386272645,0.0
scibert_dim_509,3107.838172228177,0.0
scibert_dim_51,2566.473401988411,0.0
scibert_dim_510,9658.164704511657,0.0
scibert_dim_511,11926.599163417364,0.0
scibert_dim_512,14618.942215797211,0.0
scibert_dim_514,5946.5355192524385,0.0
scibert_dim_52,6454.291067093361,0.0
scibert_dim_520,10886.303083233002,0.0
scibert_dim_523,4119.883092297052,0.0
scibert_dim_524,13982.264635089412,0.0
scibert_dim_529,1812.4519073228373,0.0
scibert_dim_530,3312.030599401028,0.0
scibert_dim_531,7576.016920760259,0.0
scibert_dim_532,4705.529673844952,0.0
scibert_dim_533,10960.441561805857,0.0
scibert_dim_535,24215.316431799638,0.0
scibert_dim_536,2555.700640873279,0.0
scibert_dim_537,11390.365648388966,0.0
scibert_dim_538,22653.500619394694,0.0
scibert_dim_539,4611.8981728484305,0.0
scibert_dim_54,1727.014659839432,0.0
scibert_dim_540,2618.892498188849,0.0
scibert_dim_541,17134.169718930025,0.0
scibert_dim_542,3193.0248978108752,0.0
scibert_dim_543,3116.8076604588687,0.0
scibert_dim_544,2349.8918389898195,0.0
scibert_dim_546,5820.517360200447,0.0
scibert_dim_548,2894.907334280163,0.0
scibert_dim_549,4405.786281567184,0.0
scibert_dim_55,2119.2087649222353,0.0
scibert_dim_550,9941.647543176796,0.0
scibert_dim_551,1592.7842949618728,0.0
scibert_dim_553,3598.8053130808744,0.0
scibert_dim_554,5081.974108400862,0.0
scibert_dim_555,17855.843475008172,0.0
scibert_dim_559,12977.40298910928,0.0
scibert_dim_56,9615.185340360453,0.0
scibert_dim_560,3238.125872885443,0.0
scibert_dim_561,3494.563371600366,0.0
scibert_dim_562,11605.880543278221,0.0
scibert_dim_563,13263.692838106459,0.0
scibert_dim_564,1508.8285518377593,0.0
scibert_dim_566,15970.872723730985,0.0
scibert_dim_567,2608.7744865592836,0.0
scibert_dim_568,2217.257042845067,0.0
scibert_dim_570,7016.985946717131,0.0
scibert_dim_571,2291.152368832366,0.0
scibert_dim_572,19803.71381820582,0.0
scibert_dim_573,6222.187558317153,0.0
scibert_dim_574,4583.570770981693,0.0
scibert_dim_575,3726.994435797124,0.0
scibert_dim_576,2299.8855864728785,0.0
scibert_dim_577,4085.8633194218146,0.0
scibert_dim_579,18826.802207964924,0.0
scibert_dim_580,1725.6119816990697,0.0
scibert_dim_582,13339.323807904622,0.0
scibert_dim_585,12822.786957570532,0.0
scibert_dim_587,16131.94425006471,0.0
scibert_dim_588,3314.655096631604,0.0
scibert_dim_589,5805.961598452326,0.0
scibert_dim_59,2587.896514753471,0.0
scibert_dim_590,2184.1450179920826,0.0
scibert_dim_592,3276.33201640941,0.0
scibert_dim_593,4014.1993731038156,0.0
scibert_dim_594,6805.3574287958445,0.0
scibert_dim_597,1860.243952711435,0.0
scibert_dim_598,16605.881855829295,0.0
scibert_dim_6,4799.599758687738,0.0
scibert_dim_60,5173.44609687032,0.0
scibert_dim_600,6065.361578326879,0.0
scibert_dim_601,1950.2181609876716,0.0
scibert_dim_602,17239.241335902392,0.0
scibert_dim_603,7347.807032208618,0.0
scibert_dim_605,8919.349487115926,0.0
scibert_dim_606,2731.6983016597437,0.0
scibert_dim_608,2194.608785144444,0.0
scibert_dim_609,1847.1123407784246,0.0
scibert_dim_61,4671.496983883233,0.0
scibert_dim_610,2440.6233926770096,0.0
scibert_dim_611,6248.031539229461,0.0
scibert_dim_615,14320.069114255099,0.0
scibert_dim_618,7881.92407601119,0.0
scibert_dim_619,2251.4082263972414,0.0
scibert_dim_620,2908.45156412838,0.0
scibert_dim_623,4609.398319414606,0.0
scibert_dim_625,7904.360684458982,0.0
scibert_dim_626,4020.0156565845655,0.0
scibert_dim_627,11066.355833854941,0.0
scibert_dim_629,11451.078117239105,0.0
scibert_dim_63,8937.241643072977,0.0
scibert_dim_630,8871.78423584956,0.0
scibert_dim_631,1676.3102725446786,0.0
scibert_dim_632,10422.634074694943,0.0
scibert_dim_633,4591.55199526567,0.0
scibert_dim_634,10085.85987049106,0.0
scibert_dim_635,6371.459250456749,0.0
scibert_dim_639,6939.456388938882,0.0
scibert_dim_640,10932.373810171806,0.0
scibert_dim_641,17034.492530864354,0.0
scibert_dim_643,3397.0616830910376,0.0
scibert_dim_644,2694.675965790026,0.0
scibert_dim_645,3113.2590678061847,0.0
scibert_dim_646,12419.575056353384,0.0
scibert_dim_647,1567.161452244754,0.0
scibert_dim_648,19320.450338285667,0.0
scibert_dim_649,1823.569588091321,0.0
scibert_dim_651,4959.933060529091,0.0
scibert_dim_652,3962.1558638605065,0.0
scibert_dim_656,11788.677897906142,0.0
scibert_dim_657,5178.713667226593,0.0
scibert_dim_658,7536.3291092934705,0.0
scibert_dim_659,3707.5032144956845,0.0
scibert_dim_660,3825.9885468541565,0.0
scibert_dim_661,6619.335975265666,0.0
scibert_dim_665,4743.7392204634525,0.0
scibert_dim_666,19389.883909643173,0.0
scibert_dim_667,2959.2735281168175,0.0
scibert_dim_669,2741.5305537581253,0.0
scibert_dim_67,7969.23934044027,0.0
scibert_dim_670,18403.330858604313,0.0
scibert_dim_673,3315.2491825758657,0.0
scibert_dim_675,12090.293984332457,0.0
scibert_dim_676,5915.170247590585,0.0
scibert_dim_68,2858.484467890801,0.0
scibert_dim_681,5083.819709703045,0.0
scibert_dim_682,4365.253177286952,0.0
scibert_dim_685,15894.611920707839,0.0
scibert_dim_686,24722.4573626079,0.0
scibert_dim_687,28788.05149968194,0.0
scibert_dim_688,5473.586875663237,0.0
scibert_dim_689,2289.231260581091,0.0
scibert_dim_69,1693.06231846018,0.0
scibert_dim_690,5277.3871388953075,0.0
scibert_dim_692,6912.713446951022,0.0
scibert_dim_693,18229.153364402915,0.0
scibert_dim_694,8931.354855895523,0.0
scibert_dim_697,1886.5919237177516,0.0
scibert_dim_699,1733.3773903478748,0.0
scibert_dim_7,19837.30207773659,0.0
scibert_dim_70,8145.013736291706,0.0
scibert_dim_700,2721.2887187707925,0.0
scibert_dim_701,3108.544471367917,0.0
scibert_dim_702,26579.87981759126,0.0
scibert_dim_704,8358.220305108873,0.0
scibert_dim_705,2589.147446365367,0.0
scibert_dim_706,3857.3991559764063,0.0
scibert_dim_708,2060.671981616622,0.0
scibert_dim_709,2709.165990933782,0.0
scibert_dim_71,3402.249674319669,0.0
scibert_dim_710,15658.870648520653,0.0
scibert_dim_713,5820.0451522599515,0.0
scibert_dim_715,13930.823137865293,0.0
scibert_dim_716,1685.172629437408,0.0
scibert_dim_717,3199.1399926119734,0.0
scibert_dim_718,15291.737062516719,0.0
scibert_dim_719,7181.5561058344665,0.0
scibert_dim_72,2686.938181271903,0.0
scibert_dim_720,2598.509906758765,0.0
scibert_dim_721,9455.105139047299,0.0
scibert_dim_722,21525.659367423414,0.0
scibert_dim_723,2346.782388578125,0.0
scibert_dim_724,32449.269335871726,0.0
scibert_dim_725,3537.436235557316,0.0
scibert_dim_726,20288.00270581439,0.0
scibert_dim_73,13403.06534805341,0.0
scibert_dim_731,10642.433242239953,0.0
scibert_dim_732,5797.763711466639,0.0
scibert_dim_733,5133.764758188583,0.0
scibert_dim_735,4665.705586778028,0.0
scibert_dim_736,3960.602993845817,0.0
scibert_dim_739,3025.8741431329354,0.0
scibert_dim_744,3884.677576747414,0.0
scibert_dim_745,6420.739601847028,0.0
scibert_dim_746,24555.736893068384,0.0
scibert_dim_748,2831.565270545628,0.0
scibert_dim_749,6996.62650412473,0.0
scibert_dim_75,5913.309062133495,0.0
scibert_dim_750,4295.408374135838,0.0
scibert_dim_751,20683.67120243605,0.0
scibert_dim_752,18254.09386009422,0.0
scibert_dim_754,2808.8922469730646,0.0
scibert_dim_756,2370.571072172771,0.0
scibert_dim_757,22077.499752139633,0.0
scibert_dim_759,2719.411034168545,0.0
scibert_dim_76,2398.6290148191806,0.0
scibert_dim_760,1928.5589050996778,0.0
scibert_dim_762,15408.827917006463,0.0
scibert_dim_763,10797.409272302208,0.0
scibert_dim_766,14581.562752764376,0.0
scibert_dim_767,7341.382956578384,0.0
scibert_dim_77,2803.029871139103,0.0
scibert_dim_79,2756.419859335052,0.0
scibert_dim_81,5328.99995659448,0.0
scibert_dim_82,6049.8194150321515,0.0
scibert_dim_84,2331.701167944532,0.0
scibert_dim_85,7847.191789542225,0.0
scibert_dim_86,18573.346857259698,0.0
scibert_dim_88,5064.0232267825295,0.0
scibert_dim_9,1532.329076373128,0.0
scibert_dim_91,20230.813822412867,0.0
scibert_dim_93,2118.9309044385363,0.0
scibert_dim_94,6782.867236743215,0.0
scibert_dim_95,1732.014121409174,0.0
scibert_dim_96,13008.152204833388,0.0
scibert_dim_98,8374.493102699787,0.0
scibert_dim_99,3744.454137831046,0.0
sent_transformer_dim_1,11887.026841443672,0.0
sent_transformer_dim_10,11640.791578393586,0.0
sent_transformer_dim_104,17942.868312906394,0.0
sent_transformer_dim_106,4004.700816125218,0.0
sent_transformer_dim_107,1902.7752003110122,0.0
sent_transformer_dim_108,3260.3785711398905,0.0
sent_transformer_dim_110,4034.0133637385175,0.0
sent_transformer_dim_111,4558.831576339511,0.0
sent_transformer_dim_112,7900.727319339688,0.0
sent_transformer_dim_113,2938.2010757803605,0.0
sent_transformer_dim_114,2477.2877013889783,0.0
sent_transformer_dim_119,2784.1764381760113,0.0
sent_transformer_dim_120,2708.3463564637113,0.0
sent_transformer_dim_124,4084.4409043455857,0.0
sent_transformer_dim_125,6678.870787935363,0.0
sent_transformer_dim_126,2082.2736498344616,0.0
sent_transformer_dim_129,2475.3744693701487,0.0
sent_transformer_dim_13,2794.7538058074465,0.0
sent_transformer_dim_130,3549.3817239059795,0.0
sent_transformer_dim_131,2363.3188389753336,0.0
sent_transformer_dim_133,1548.6828176399197,0.0
sent_transformer_dim_139,1499.939493768834,0.0
sent_transformer_dim_141,4608.3723071277045,0.0
sent_transformer_dim_147,3657.0274451564537,0.0
sent_transformer_dim_149,4172.853135449539,0.0
sent_transformer_dim_154,1962.6527038989755,0.0
sent_transformer_dim_155,4116.424838046657,0.0
sent_transformer_dim_157,7786.772730466621,0.0
sent_transformer_dim_158,9937.594785936064,0.0
sent_transformer_dim_16,4939.11966257378,0.0
sent_transformer_dim_160,3103.4837964948474,0.0
sent_transformer_dim_161,1810.8919777652911,0.0
sent_transformer_dim_164,2175.600097266824,0.0
sent_transformer_dim_172,5721.863542414335,0.0
sent_transformer_dim_173,7737.44875198978,0.0
sent_transformer_dim_176,9895.595388383399,0.0
sent_transformer_dim_177,2940.7331936510095,0.0
sent_transformer_dim_18,1644.707697895318,0.0
sent_transformer_dim_180,2048.7519307809926,0.0
sent_transformer_dim_182,3164.8320345468387,0.0
sent_transformer_dim_184,1755.7782316177063,0.0
sent_transformer_dim_186,2338.8420765177534,0.0
sent_transformer_dim_188,3559.5610090361065,0.0
sent_transformer_dim_189,2159.0655398236177,0.0
sent_transformer_dim_191,3024.664177270237,0.0
sent_transformer_dim_193,2569.820722797261,0.0
sent_transformer_dim_194,2122.5041965669416,0.0
sent_transformer_dim_195,10470.155768584133,0.0
sent_transformer_dim_197,2448.663275066492,0.0
sent_transformer_dim_198,13005.360675120046,0.0
sent_transformer_dim_199,1797.4547166898444,0.0
sent_transformer_dim_2,5455.029533840868,0.0
sent_transformer_dim_201,5075.661090893453,0.0
sent_transformer_dim_202,4968.114417182968,0.0
sent_transformer_dim_204,4308.585237647053,0.0
sent_transformer_dim_208,3217.3147085286546,0.0
sent_transformer_dim_212,3936.893728803783,0.0
sent_transformer_dim_213,4301.295012552681,0.0
sent_transformer_dim_216,2709.729214033436,0.0
sent_transformer_dim_217,4109.16488507876,0.0
sent_transformer_dim_226,2699.6714575455994,0.0
sent_transformer_dim_227,2008.0180878490767,0.0
sent_transformer_dim_229,3923.9115615319934,0.0
sent_transformer_dim_231,6926.438118274937,0.0
sent_transformer_dim_233,2049.9269165016185,0.0
sent_transformer_dim_24,2979.243902339442,0.0
sent_transformer_dim_240,5814.740347803644,0.0
sent_transformer_dim_242,7555.4963648023395,0.0
sent_transformer_dim_244,2577.0972434947907,0.0
sent_transformer_dim_250,5429.318664974525,0.0
sent_transformer_dim_251,3163.4458203277345,0.0
sent_transformer_dim_252,6719.979241723868,0.0
sent_transformer_dim_254,3497.1839540264564,0.0
sent_transformer_dim_255,1650.1313724707368,0.0
sent_transformer_dim_256,2469.5799576057684,0.0
sent_transformer_dim_257,3293.5688959551594,0.0
sent_transformer_dim_258,1535.5097855298368,0.0
sent_transformer_dim_259,4382.436011733909,0.0
sent_transformer_dim_260,6288.045353619063,0.0
sent_transformer_dim_262,2200.9472113294787,0.0
sent_transformer_dim_265,5006.650545223685,0.0
sent_transformer_dim_266,7322.746156302033,0.0
sent_transformer_dim_267,3742.809790865184,0.0
sent_transformer_dim_269,2105.059748343741,0.0
sent_transformer_dim_273,2648.244183044884,0.0
sent_transformer_dim_276,9246.47919378483,0.0
sent_transformer_dim_277,5765.338681403313,0.0
sent_transformer_dim_278,8371.751109629331,0.0
sent_transformer_dim_28,4708.922094608545,0.0
sent_transformer_dim_282,1663.590405506253,0.0
sent_transformer_dim_284,2041.9557609790254,0.0
sent_transformer_dim_285,7844.827738596023,0.0
sent_transformer_dim_286,3343.3808643338234,0.0
sent_transformer_dim_288,5787.650578297414,0.0
sent_transformer_dim_29,5120.441976988083,0.0
sent_transformer_dim_290,4481.906969841522,0.0
sent_transformer_dim_294,2392.6813822076015,0.0
sent_transformer_dim_295,2297.9233681734427,0.0
sent_transformer_dim_296,4779.881018148705,0.0
sent_transformer_dim_299,3967.701548157297,0.0
sent_transformer_dim_3,1937.2540681755902,0.0
sent_transformer_dim_30,4882.749801051256,0.0
sent_transformer_dim_300,2048.4143463838354,0.0
sent_transformer_dim_301,2608.778079874601,0.0
sent_transformer_dim_302,2319.895000741414,0.0
sent_transformer_dim_304,4782.017926145901,0.0
sent_transformer_dim_308,2684.5923505337996,0.0
sent_transformer_dim_31,4124.353261085358,0.0
sent_transformer_dim_318,7562.617682630578,0.0
sent_transformer_dim_32,6048.9448507193065,0.0
sent_transformer_dim_321,2640.4236107783777,0.0
sent_transformer_dim_322,3393.9390680887673,0.0
sent_transformer_dim_329,4682.544456227919,0.0
sent_transformer_dim_331,3417.1464618984173,0.0
sent_transformer_dim_333,6918.933039542961,0.0
sent_transformer_dim_334,1700.60209168367,0.0
sent_transformer_dim_335,4218.077285183422,0.0
sent_transformer_dim_337,1531.506665329258,0.0
sent_transformer_dim_338,3899.7631344935517,0.0
sent_transformer_dim_339,2477.0575207064326,0.0
sent_transformer_dim_34,3427.045132430019,0.0
sent_transformer_dim_340,3877.928428223747,0.0
sent_transformer_dim_343,2118.1603713745967,0.0
sent_transformer_dim_344,6804.548942146294,0.0
sent_transformer_dim_345,6472.031680980204,0.0
sent_transformer_dim_348,2388.712554420801,0.0
sent_transformer_dim_352,2377.5267032984984,0.0
sent_transformer_dim_353,8847.271757627137,0.0
sent_transformer_dim_357,2494.958307702905,0.0
sent_transformer_dim_36,2258.051814870733,0.0
sent_transformer_dim_361,8220.628203089887,0.0
sent_transformer_dim_362,4134.595040952952,0.0
sent_transformer_dim_363,2743.7956429656574,0.0
sent_transformer_dim_364,2607.4911382826826,0.0
sent_transformer_dim_369,2430.6105695502642,0.0
sent_transformer_dim_37,1525.2196933148161,0.0
sent_transformer_dim_370,4119.979404130534,0.0
sent_transformer_dim_374,2074.6162947494236,0.0
sent_transformer_dim_376,1820.557312412485,0.0
sent_transformer_dim_377,1544.548123098434,0.0
sent_transformer_dim_378,3386.0177235658725,0.0
sent_transformer_dim_38,1913.0543696762454,0.0
sent_transformer_dim_380,2883.504122945928,0.0
sent_transformer_dim_381,4100.567366799123,0.0
sent_transformer_dim_382,1971.7575636675965,0.0
sent_transformer_dim_39,5728.201027153705,0.0
sent_transformer_dim_4,10670.048418112681,0.0
sent_transformer_dim_40,3054.48086301073,0.0
sent_transformer_dim_41,2258.0485418220214,0.0
sent_transformer_dim_44,2318.864737836016,0.0
sent_transformer_dim_46,3559.0001453350337,0.0
sent_transformer_dim_47,1861.113931033413,0.0
sent_transformer_dim_5,1583.4329438405307,0.0
sent_transformer_dim_50,4388.968199974644,0.0
sent_transformer_dim_53,2240.747935627364,0.0
sent_transformer_dim_55,4993.648434893255,0.0
sent_transformer_dim_6,2536.5403455661617,0.0
sent_transformer_dim_61,7721.2495942424175,0.0
sent_transformer_dim_62,9492.63590672788,0.0
sent_transformer_dim_63,1649.6609604007015,0.0
sent_transformer_dim_7,1859.571234589592,0.0
sent_transformer_dim_70,1734.5415224123265,0.0
sent_transformer_dim_71,5220.2082396552805,0.0
sent_transformer_dim_74,2778.0566056742646,0.0
sent_transformer_dim_75,5396.735213584001,0.0
sent_transformer_dim_76,6242.946924393212,0.0
sent_transformer_dim_79,4587.776014058762,0.0
sent_transformer_dim_81,3261.0613019722646,0.0
sent_transformer_dim_82,1848.4173218677186,0.0
sent_transformer_dim_84,7092.459683274893,0.0
sent_transformer_dim_87,3412.891688210775,0.0
sent_transformer_dim_90,1649.3595921795443,0.0
sent_transformer_dim_94,1798.0408380145948,0.0
sent_transformer_dim_99,3621.5755007269668,0.0
specter2_dim_0,1658.2164201890882,0.0
specter2_dim_1,7823.632151375015,0.0
specter2_dim_101,3766.5289575642423,0.0
specter2_dim_104,7997.919131731263,0.0
specter2_dim_105,3617.2276340883473,0.0
specter2_dim_108,13585.52797212739,0.0
specter2_dim_109,9068.522207726288,0.0
specter2_dim_11,6526.884501418625,0.0
specter2_dim_112,6629.268616188468,0.0
specter2_dim_113,1855.5077165368323,0.0
specter2_dim_114,7109.387952473365,0.0
specter2_dim_118,3467.736991350304,0.0
specter2_dim_119,10875.876941806935,0.0
specter2_dim_120,2105.232360980645,0.0
specter2_dim_123,1620.1196200561128,0.0
specter2_dim_124,1915.274249362993,0.0
specter2_dim_126,3819.149255709668,0.0
specter2_dim_129,9604.316151399622,0.0
specter2_dim_13,2643.730599781781,0.0
specter2_dim_130,6501.347272651632,0.0
specter2_dim_131,3468.945850825923,0.0
specter2_dim_136,7424.135297186284,0.0
specter2_dim_137,2836.6989251915056,0.0
specter2_dim_139,2100.4386519947034,0.0
specter2_dim_141,5724.153985332107,0.0
specter2_dim_142,2689.89475403256,0.0
specter2_dim_143,2263.03022270839,0.0
specter2_dim_144,10884.212724913947,0.0
specter2_dim_146,3508.6476422144856,0.0
specter2_dim_147,11168.003386442004,0.0
specter2_dim_148,9268.870541509901,0.0
specter2_dim_15,3511.8534651140685,0.0
specter2_dim_150,1940.2737493820412,0.0
specter2_dim_151,4383.798981799748,0.0
specter2_dim_156,2483.028534923933,0.0
specter2_dim_161,10302.252790268845,0.0
specter2_dim_162,5606.790426572903,0.0
specter2_dim_163,1658.8818340156722,0.0
specter2_dim_165,12346.61129647889,0.0
specter2_dim_167,1743.3232094534062,0.0
specter2_dim_169,2597.5806594989913,0.0
specter2_dim_17,3491.8174262288444,0.0
specter2_dim_170,4963.633202034647,0.0
specter2_dim_171,5541.000471281431,0.0
specter2_dim_172,8101.174221681207,0.0
specter2_dim_174,2169.2204800172744,0.0
specter2_dim_175,5664.234932932531,0.0
specter2_dim_176,5284.9331601348895,0.0
specter2_dim_178,6726.288018247657,0.0
specter2_dim_179,2308.3836234049304,0.0
specter2_dim_18,6411.754398697655,0.0
specter2_dim_181,17616.640242869253,0.0
specter2_dim_184,1493.8200288875487,0.0
specter2_dim_185,6068.541599793865,0.0
specter2_dim_186,3723.3354224329955,0.0
specter2_dim_187,1924.5278056000816,0.0
specter2_dim_190,1661.9954856298377,0.0
specter2_dim_192,9779.650828509453,0.0
specter2_dim_193,14113.237226644887,0.0
specter2_dim_194,12092.86768923293,0.0
specter2_dim_195,4706.746045982485,0.0
specter2_dim_20,8427.694592397922,0.0
specter2_dim_200,4900.883438827155,0.0
specter2_dim_201,8814.825506363559,0.0
specter2_dim_202,5028.420427612241,0.0
specter2_dim_206,4079.916776225211,0.0
specter2_dim_207,1992.59426984879,0.0
specter2_dim_208,6391.972762157306,0.0
specter2_dim_209,7676.2431239289235,0.0
specter2_dim_21,2606.3786689953813,0.0
specter2_dim_210,4296.922340712926,0.0
specter2_dim_211,6057.829022632563,0.0
specter2_dim_216,5766.501057443518,0.0
specter2_dim_220,1747.4284295747623,0.0
specter2_dim_223,6152.028066902475,0.0
specter2_dim_226,7851.488028184554,0.0
specter2_dim_227,6237.959916138789,0.0
specter2_dim_228,7785.480152661298,0.0
specter2_dim_229,1545.0920973777472,0.0
specter2_dim_23,6602.978232855385,0.0
specter2_dim_230,10813.96387235164,0.0
specter2_dim_232,8271.851614668672,0.0
specter2_dim_233,8915.058503366774,0.0
specter2_dim_235,8810.041471603334,0.0
specter2_dim_238,2687.359238578922,0.0
specter2_dim_24,6460.486847794231,0.0
specter2_dim_240,6578.269316703323,0.0
specter2_dim_241,3459.6360946336886,0.0
specter2_dim_243,5873.271666779088,0.0
specter2_dim_247,13268.62104267697,0.0
specter2_dim_248,3831.076612635146,0.0
specter2_dim_249,2041.7678149823387,0.0
specter2_dim_25,11602.065763955497,0.0
specter2_dim_250,11134.073091680495,0.0
specter2_dim_251,10437.954795016107,0.0
specter2_dim_257,2367.305268055578,0.0
specter2_dim_259,3699.708729692774,0.0
specter2_dim_260,2475.0202936680053,0.0
specter2_dim_262,22697.07411177092,0.0
specter2_dim_264,1801.1386582046553,0.0
specter2_dim_27,3780.559966105666,0.0
specter2_dim_270,2857.6617402195197,0.0
specter2_dim_272,7664.53691784312,0.0
specter2_dim_273,4754.3057008925325,0.0
specter2_dim_274,1575.098163910411,0.0
specter2_dim_275,11818.94374609978,0.0
specter2_dim_277,11999.633615026763,0.0
specter2_dim_279,24594.50576051308,0.0
specter2_dim_28,5456.399429118921,0.0
specter2_dim_281,21107.97020547269,0.0
specter2_dim_284,2654.048739775471,0.0
specter2_dim_285,3234.4884176763485,0.0
specter2_dim_287,3823.6498559944007,0.0
specter2_dim_288,2032.4661239199363,0.0
specter2_dim_29,4898.160502073654,0.0
specter2_dim_290,8003.241121119373,0.0
specter2_dim_291,8064.869474329049,0.0
specter2_dim_293,3762.501194114924,0.0
specter2_dim_299,12664.459875964541,0.0
specter2_dim_300,2494.8085979328907,0.0
specter2_dim_303,4433.181866699982,0.0
specter2_dim_304,2233.6678216143387,0.0
specter2_dim_305,8508.562575746546,0.0
specter2_dim_306,3054.7487453137423,0.0
specter2_dim_308,4772.052926646541,0.0
specter2_dim_309,4589.78792239671,0.0
specter2_dim_313,7448.873220380621,0.0
specter2_dim_317,6286.962382947682,0.0
specter2_dim_319,12933.304271861303,0.0
specter2_dim_32,2382.1867969416194,0.0
specter2_dim_320,3704.1713514666903,0.0
specter2_dim_321,9068.639907163524,0.0
specter2_dim_323,2427.4361123469944,0.0
specter2_dim_324,5378.873734483863,0.0
specter2_dim_325,4168.213634692771,0.0
specter2_dim_338,4644.178671551254,0.0
specter2_dim_339,1930.9689048460746,0.0
specter2_dim_34,15329.447678007053,0.0
specter2_dim_340,8359.361380233699,0.0
specter2_dim_341,10287.452812668325,0.0
specter2_dim_343,2722.979290961467,0.0
specter2_dim_347,11562.614928241665,0.0
specter2_dim_349,2994.2210757156276,0.0
specter2_dim_35,2518.8941357047497,0.0
specter2_dim_350,4944.865466456744,0.0
specter2_dim_352,2237.8653539926313,0.0
specter2_dim_353,1587.6726845577805,0.0
specter2_dim_354,9201.886411681522,0.0
specter2_dim_356,7281.284879784305,0.0
specter2_dim_357,5131.180863839227,0.0
specter2_dim_36,18211.864513706085,0.0
specter2_dim_362,7019.449303511272,0.0
specter2_dim_364,2647.0485505724373,0.0
specter2_dim_365,10500.689983010596,0.0
specter2_dim_366,6102.483775280415,0.0
specter2_dim_368,1505.0778856928018,0.0
specter2_dim_369,3294.2452482177764,0.0
specter2_dim_37,9560.51337287101,0.0
specter2_dim_370,3641.2326307397457,0.0
specter2_dim_371,4485.959441916015,0.0
specter2_dim_372,10455.825983367704,0.0
specter2_dim_373,9201.218287506264,0.0
specter2_dim_375,11639.905849595494,0.0
specter2_dim_377,8205.898893505195,0.0
specter2_dim_378,2591.0106294986026,0.0
specter2_dim_38,4626.283871552396,0.0
specter2_dim_382,2096.52076016164,0.0
specter2_dim_383,2046.0372342770142,0.0
specter2_dim_387,10715.085563181427,0.0
specter2_dim_388,6543.352680007535,0.0
specter2_dim_389,2114.10300596611,0.0
specter2_dim_390,2793.1855994254333,0.0
specter2_dim_392,1782.8725358346962,0.0
specter2_dim_395,9071.568624160598,0.0
specter2_dim_396,1756.8717296868683,0.0
specter2_dim_400,1655.7998918921269,0.0
specter2_dim_401,3276.529119594984,0.0
specter2_dim_402,1558.9651463924952,0.0
specter2_dim_403,4091.5353457061437,0.0
specter2_dim_405,11058.030545081148,0.0
specter2_dim_407,2707.645633836234,0.0
specter2_dim_409,5174.792622283483,0.0
specter2_dim_41,7889.101289872724,0.0
specter2_dim_411,1908.4080672839686,0.0
specter2_dim_413,2282.4567310270077,0.0
specter2_dim_414,15582.052129985514,0.0
specter2_dim_415,5322.136122514085,0.0
specter2_dim_417,4450.484207964879,0.0
specter2_dim_418,1659.5995844558252,0.0
specter2_dim_421,8397.73139111034,0.0
specter2_dim_422,7397.560003902662,0.0
specter2_dim_423,7838.537772676286,0.0
specter2_dim_424,11137.063399459057,0.0
specter2_dim_428,12194.468021127492,0.0
specter2_dim_430,9849.556935154278,0.0
specter2_dim_431,3469.4530307657633,0.0
specter2_dim_435,1628.5481568573596,0.0
specter2_dim_436,6653.215285527677,0.0
specter2_dim_438,4084.413499508717,0.0
specter2_dim_440,21616.951913820994,0.0
specter2_dim_444,10915.296884635334,0.0
specter2_dim_445,2896.614733016252,0.0
specter2_dim_446,7939.786342092067,0.0
specter2_dim_447,8670.467416536472,0.0
specter2_dim_448,7784.628674155868,0.0
specter2_dim_45,9853.030455098082,0.0
specter2_dim_451,10110.81636213057,0.0
specter2_dim_452,5274.738433670257,0.0
specter2_dim_453,3924.3582534089496,0.0
specter2_dim_456,7461.001733606502,0.0
specter2_dim_458,6539.0012075606755,0.0
specter2_dim_461,4504.616469694353,0.0
specter2_dim_463,3966.4987766702757,0.0
specter2_dim_464,6344.873126722624,0.0
specter2_dim_465,3996.00360927362,0.0
specter2_dim_47,13437.746655477986,0.0
specter2_dim_470,1962.8095337454913,0.0
specter2_dim_471,6669.813536735012,0.0
specter2_dim_474,6826.668803558226,0.0
specter2_dim_475,8219.755659668765,0.0
specter2_dim_478,1810.0293314922196,0.0
specter2_dim_48,6723.928630555216,0.0
specter2_dim_480,4955.586836544015,0.0
specter2_dim_481,7195.756493646642,0.0
specter2_dim_484,8395.260003175517,0.0
specter2_dim_488,3385.5532458016473,0.0
specter2_dim_49,11125.387887749048,0.0
specter2_dim_491,3432.3633451360984,0.0
specter2_dim_496,6003.7106747449125,0.0
specter2_dim_497,6503.900392026807,0.0
specter2_dim_50,4226.997274948398,0.0
specter2_dim_500,9301.70534244268,0.0
specter2_dim_502,1818.1573715725774,0.0
specter2_dim_504,23833.691997108435,0.0
specter2_dim_506,4297.7491364666475,0.0
specter2_dim_51,4104.584535103681,0.0
specter2_dim_510,10572.889526753921,0.0
specter2_dim_511,10133.367268728269,0.0
specter2_dim_512,11048.471999838224,0.0
specter2_dim_513,3481.6595230105268,0.0
specter2_dim_514,5548.702513435262,0.0
specter2_dim_518,1538.8894247825353,0.0
specter2_dim_52,5950.868033966022,0.0
specter2_dim_520,9379.665423166725,0.0
specter2_dim_521,3127.55738885779,0.0
specter2_dim_522,5380.352797262383,0.0
specter2_dim_524,11289.335812581283,0.0
specter2_dim_525,7037.420609003133,0.0
specter2_dim_532,2437.777456080112,0.0
specter2_dim_533,23254.24469055888,0.0
specter2_dim_534,2010.3230106238618,0.0
specter2_dim_535,8481.992455308295,0.0
specter2_dim_537,1572.0737830918322,0.0
specter2_dim_538,8662.250384135654,0.0
specter2_dim_539,5330.7530324031695,0.0
specter2_dim_54,3553.04917814905,0.0
specter2_dim_540,22391.113352031014,0.0
specter2_dim_541,20810.298256773494,0.0
specter2_dim_547,7195.308775307426,0.0
specter2_dim_55,2009.6338129138755,0.0
specter2_dim_550,5849.393291421997,0.0
specter2_dim_555,11535.256360866191,0.0
specter2_dim_556,1894.3659299979236,0.0
specter2_dim_559,5674.537456912891,0.0
specter2_dim_56,3260.0087024640447,0.0
specter2_dim_561,2873.489590012819,0.0
specter2_dim_563,5209.9197744535795,0.0
specter2_dim_564,5385.907964810361,0.0
specter2_dim_565,7781.436549577639,0.0
specter2_dim_569,2261.4760835716447,0.0
specter2_dim_572,15785.697185224388,0.0
specter2_dim_573,6577.189063879819,0.0
specter2_dim_575,2683.3794262382203,0.0
specter2_dim_577,2126.784637574891,0.0
specter2_dim_578,1882.935521934193,0.0
specter2_dim_579,8608.002805559181,0.0
specter2_dim_580,4839.0518011172435,0.0
specter2_dim_582,1802.2262020370877,0.0
specter2_dim_583,5071.15908684884,0.0
specter2_dim_585,6304.632146274784,0.0
specter2_dim_586,7470.587116359948,0.0
specter2_dim_587,13913.930863184218,0.0
specter2_dim_588,2474.7450816263354,0.0
specter2_dim_59,1590.1803893906113,0.0
specter2_dim_594,9914.036134537853,0.0
specter2_dim_596,1629.7500514935418,0.0
specter2_dim_598,16078.109875709397,0.0
specter2_dim_599,1792.7277033426199,0.0
specter2_dim_6,2014.8129622752904,0.0
specter2_dim_600,12528.356069187324,0.0
specter2_dim_602,10930.988651080173,0.0
specter2_dim_604,1797.6178176618419,0.0
specter2_dim_605,12211.819345936381,0.0
specter2_dim_607,7598.852874033437,0.0
specter2_dim_609,2034.8940872678672,0.0
specter2_dim_61,9571.7983763083,0.0
specter2_dim_610,1891.6804372969127,0.0
specter2_dim_613,1484.7856341924291,0.0
specter2_dim_614,2850.5070658609516,0.0
specter2_dim_615,2616.128120372884,0.0
specter2_dim_617,5475.353474619002,0.0
specter2_dim_618,2497.453371112957,0.0
specter2_dim_619,7664.76166406124,0.0
specter2_dim_62,1574.272199221732,0.0
specter2_dim_623,9238.190135973195,0.0
specter2_dim_626,1916.4325029412648,0.0
specter2_dim_628,2683.8074421992683,0.0
specter2_dim_629,6463.990056697565,0.0
specter2_dim_63,9574.845825356277,0.0
specter2_dim_631,3751.158650378591,0.0
specter2_dim_632,5483.712230164915,0.0
specter2_dim_633,6752.855038625386,0.0
specter2_dim_634,5055.963236414239,0.0
specter2_dim_635,8150.843106347489,0.0
specter2_dim_636,3248.2239464551526,0.0
specter2_dim_637,6220.951440740241,0.0
specter2_dim_639,12272.845136993472,0.0
specter2_dim_641,14441.113009945608,0.0
specter2_dim_642,1604.9062807760151,0.0
specter2_dim_643,2965.7829949793104,0.0
specter2_dim_644,4645.6740101264995,0.0
specter2_dim_645,3002.52521299604,0.0
specter2_dim_646,4448.073564887902,0.0
specter2_dim_648,18789.225970240564,0.0
specter2_dim_649,3587.3237880289507,0.0
specter2_dim_65,1500.1012922888533,0.0
specter2_dim_650,2217.6853995418696,0.0
specter2_dim_652,1872.479147105902,0.0
specter2_dim_656,25116.235158650048,0.0
specter2_dim_657,3061.9843188920117,0.0
specter2_dim_658,3805.839374674847,0.0
specter2_dim_659,5408.140590526863,0.0
specter2_dim_66,3654.70395213458,0.0
specter2_dim_660,2980.4595742803367,0.0
specter2_dim_662,14396.247568393796,0.0
specter2_dim_663,1783.2052392429312,0.0
specter2_dim_664,8009.049063871958,0.0
specter2_dim_665,2455.555384365957,0.0
specter2_dim_666,6978.9512439079845,0.0
specter2_dim_668,9894.861186394792,0.0
specter2_dim_67,6324.60939738376,0.0
specter2_dim_670,15502.463630783044,0.0
specter2_dim_671,1995.2753618409572,0.0
specter2_dim_672,2660.320813776863,0.0
specter2_dim_674,2081.17124058482,0.0
specter2_dim_675,3927.5322671348686,0.0
specter2_dim_676,8421.29479447972,0.0
specter2_dim_679,9598.003523313968,0.0
specter2_dim_680,4434.026712266371,0.0
specter2_dim_682,7627.882371373087,0.0
specter2_dim_685,9026.650332538486,0.0
specter2_dim_686,41619.056955812244,0.0
specter2_dim_687,21765.2897794447,0.0
specter2_dim_689,1827.9755125177562,0.0
specter2_dim_69,1492.2677474803984,0.0
specter2_dim_690,14062.443337739849,0.0
specter2_dim_692,18994.78169149882,0.0
specter2_dim_693,9151.603975642216,0.0
specter2_dim_695,3453.0663989607315,0.0
specter2_dim_696,4605.150180672675,0.0
specter2_dim_698,2177.8733250320265,0.0
specter2_dim_7,8142.490475274263,0.0
specter2_dim_70,2119.946346693988,0.0
specter2_dim_702,10997.812282140625,0.0
specter2_dim_704,2688.2490207769547,0.0
specter2_dim_705,8132.201914923865,0.0
specter2_dim_708,5649.9802471468665,0.0
specter2_dim_71,13276.797462883917,0.0
specter2_dim_710,7083.199242214641,0.0
specter2_dim_712,3567.5733560479553,0.0
specter2_dim_714,3757.496580871706,0.0
specter2_dim_715,2758.9766836972844,0.0
specter2_dim_718,5813.187243411326,0.0
specter2_dim_72,17799.82022035443,0.0
specter2_dim_721,2695.5353885670497,0.0
specter2_dim_722,32228.50297054819,0.0
specter2_dim_723,2161.6970807590455,0.0
specter2_dim_724,18523.19094931544,0.0
specter2_dim_726,20701.472155299063,0.0
specter2_dim_727,3876.155867438544,0.0
specter2_dim_729,3093.4577488063146,0.0
specter2_dim_73,18849.912372921608,0.0
specter2_dim_730,13680.921802660027,0.0
specter2_dim_731,5926.626167836877,0.0
specter2_dim_733,1824.4350586054163,0.0
specter2_dim_734,2657.560709184068,0.0
specter2_dim_735,9503.628677579572,0.0
specter2_dim_74,1948.1094864592542,0.0
specter2_dim_740,2368.3860291165147,0.0
specter2_dim_744,6099.772793001309,0.0
specter2_dim_745,8951.771416729265,0.0
specter2_dim_746,13063.843026010769,0.0
specter2_dim_748,3481.9125935697425,0.0
specter2_dim_749,1657.2755451941919,0.0
specter2_dim_75,5079.913915131798,0.0
specter2_dim_750,1586.0098034546047,0.0
specter2_dim_751,21133.80658090965,0.0
specter2_dim_752,3053.6852831299843,0.0
specter2_dim_753,2840.390052986553,0.0
specter2_dim_754,2884.8815531120854,0.0
specter2_dim_755,6244.93028583769,0.0
specter2_dim_756,3146.529539936169,0.0
specter2_dim_757,11260.891117096606,0.0
specter2_dim_758,5257.085934703742,0.0
specter2_dim_760,2492.6494159773174,0.0
specter2_dim_761,2739.019791960374,0.0
specter2_dim_762,11495.050071883701,0.0
specter2_dim_763,5704.378300876061,0.0
specter2_dim_764,7715.390091960273,0.0
specter2_dim_766,10604.044790330503,0.0
specter2_dim_767,9442.712243882468,0.0
specter2_dim_77,10502.19699659681,0.0
specter2_dim_80,6216.5480808110915,0.0
specter2_dim_81,3210.375923313657,0.0
specter2_dim_86,27143.483666309836,0.0
specter2_dim_87,11653.402821768947,0.0
specter2_dim_88,12640.800269765825,0.0
specter2_dim_90,5786.743019964543,0.0
specter2_dim_91,9286.3508463651,0.0
specter2_dim_93,4491.710623301995,0.0
specter2_dim_94,2607.87434751139,0.0
specter2_dim_96,9757.714240724657,0.0
specter2_dim_98,2800.901267136295,0.0
specter2_dim_99,2512.572341980362,0.0
is_not_oa,7954.896861302781,0.0
sent_transformer_dim_247,1482.9552941864665,5e-324
specter2_dim_152,1482.8612877286796,5e-324
specter2_dim_667,1482.153805517729,5e-324
scibert_dim_703,1480.7990387142584,1e-323
scibert_dim_642,1478.681431934422,3e-323
specter2_dim_26,1469.7321469798726,2.594e-321
scibert_dim_712,1469.6184736786715,2.747e-321
specter2_dim_215,1466.4738947123726,1.3216e-320
specter2_dim_476,1465.1591547101225,2.5484e-320
scibert_dim_695,1445.8345852485418,3.97285957e-316
specter2_dim_531,1443.1985574377466,1.48266997e-315
sent_transformer_dim_9,1441.710611099858,3.118074807e-315
sent_transformer_dim_8,1437.697637904943,2.315214452e-314
scibert_dim_390,1434.0366990624173,1.4418457332e-313
scibert_dim_278,1422.2752927140514,5.138839963039e-311
specter2_dim_584,1422.255385295373,5.1902056914766e-311
sent_transformer_dim_132,1421.4745409350082,7.6667431133335e-311
scibert_dim_120,1420.9289020926562,1.00693830622635e-310
sent_transformer_dim_354,1418.610296400016,3.20694698243177e-310
scibert_dim_528,1413.2365256280527,4.69996341918921e-309
sent_transformer_dim_89,1411.0048306074298,1.433280827395607e-308
specter2_dim_397,1399.062105140654,5.593860302787557e-306
specter2_dim_654,1398.3159624626344,8.121088189540203e-306
scibert_dim_442,1398.1598096363016,8.780055222894144e-306
scibert_dim_599,1397.5552164019582,1.187642583860304e-305
scibert_dim_622,1395.1729658812628,3.904837269286028e-305
specter2_dim_443,1384.3198829077426,8.843091025684147e-303
sent_transformer_dim_350,1381.6387275734576,3.3759174892709215e-302
sent_transformer_dim_178,1375.294109382358,8.037653950879918e-301
sent_transformer_dim_20,1373.8266418331452,1.673252100556349e-300
specter2_dim_627,1372.6698875679785,2.9824348283586596e-300
specter2_dim_97,1368.2544091741852,2.708386934412127e-299
scibert_dim_617,1361.1020710921741,9.654978595665098e-298
sent_transformer_dim_100,1354.9494525674313,2.0886666499232833e-296
specter2_dim_622,1350.7460145383493,1.7061703214055783e-295
scibert_dim_215,1348.369282096555,5.594742261005355e-295
sent_transformer_dim_159,1343.2055895953567,7.384528298066743e-294
scibert_dim_556,1340.5021025217372,2.8509810628287546e-293
sent_transformer_dim_14,1339.1926505662016,5.484708142388954e-293
specter2_dim_269,1328.5601514382593,1.112996374566101e-290
specter2_dim_10,1323.2804649893505,1.5568399905180289e-289
specter2_dim_204,1322.5781510899,2.2113351999516074e-289
scibert_dim_663,1315.8972479490192,6.230169931585741e-288
sent_transformer_dim_238,1311.5600967256114,5.441618292568583e-287
sent_transformer_dim_209,1306.4860476503331,6.868829848905709e-286
scibert_dim_668,1304.8013792567006,1.5939928528783881e-285
sent_transformer_dim_222,1302.20347909829,5.838211286211827e-285
specter2_dim_263,1301.5869900963557,7.944561365098916e-285
specter2_dim_548,1299.0977297380282,2.7560637023499705e-284
specter2_dim_581,1298.8808704553444,3.071511605649651e-284
scibert_dim_662,1298.849824923168,3.1195336794407006e-284
specter2_dim_477,1292.2448318925085,8.462849171181007e-283
scibert_dim_677,1290.5156252369222,2.00814262162014e-282
scibert_dim_19,1289.1295752944618,4.0142120320667115e-282
scibert_dim_123,1286.5841660421763,1.4322418094272676e-281
specter2_dim_449,1273.8007712379767,8.518449204558507e-279
scibert_dim_508,1263.5380658745032,1.437768717386808e-276
scibert_dim_212,1260.4709694550393,6.658131793775149e-276
specter2_dim_394,1260.0072682117514,8.394435397286512e-276
scibert_dim_46,1257.8799617156872,2.430474662329163e-275
specter2_dim_276,1251.8467260120867,4.955897553394796e-274
sent_transformer_dim_313,1250.8809689416405,8.030228446709012e-274
sent_transformer_dim_367,1247.0328248687872,5.494436536763626e-273
sent_transformer_dim_163,1241.8756375427165,7.231687098816631e-272
sent_transformer_dim_341,1239.517487078944,2.3499362778616096e-271
specter2_dim_669,1239.2333126216474,2.7085313535248255e-271
specter2_dim_82,1238.3552633663342,4.200563809432048e-271
scibert_dim_97,1227.3442364553775,1.0308342975029741e-268
scibert_dim_153,1224.3180151596268,4.6775770580897627e-268
scibert_dim_162,1222.0030576449387,1.4875709794559349e-267
num_related_works,1211.4512055660114,2.9024222430453875e-265
specter2_dim_408,1210.5589118546584,4.5335157873673755e-265
specter2_dim_759,1206.7413324661497,3.0552971941355e-264
sent_transformer_dim_105,1200.0232094528278,8.77521374058387e-263
scibert_dim_581,1190.282417878452,1.1417692656821492e-260
sent_transformer_dim_153,1182.3099968916729,6.138835676008097e-259
sent_transformer_dim_103,1171.0625705521877,1.6963412356084576e-256
sent_transformer_dim_328,1163.2431491790487,8.450213626440082e-255
sent_transformer_dim_200,1161.3812031721818,2.143098011605985e-254
sent_transformer_dim_379,1160.8295541414664,2.8235095210303937e-254
specter2_dim_336,1159.8844382453997,4.5284247286823216e-254
sent_transformer_dim_85,1159.3681088528174,5.86175670099031e-254
sent_transformer_dim_214,1155.1812731971656,4.7519978664532263e-253
scibert_dim_351,1145.5101637262683,5.9736226701847256e-251
specter2_dim_542,1143.2584568041918,1.840914300158004e-250
specter2_dim_742,1140.1828083230466,8.564303631100567e-250
scibert_dim_420,1130.6983698816314,9.808152445541948e-248
scibert_dim_346,1128.9957798972698,2.2971617388324853e-247
sent_transformer_dim_355,1124.3367013892293,2.3583430772517393e-246
specter2_dim_122,1119.1828194945522,3.100607221317208e-245
scibert_dim_334,1106.7575421167232,1.544735600778715e-242
sent_transformer_dim_383,1105.6202041756785,2.727484575278087e-242
specter2_dim_296,1104.8856786992037,3.937521574083296e-242
scibert_dim_461,1103.9621668090033,6.247576802600876e-242
specter2_dim_487,1103.0494431843492,9.859582695107422e-242
scibert_dim_267,1095.8016542675089,3.692519766851796e-240
sent_transformer_dim_206,1090.836324872414,4.418624758148672e-239
sent_transformer_dim_91,1086.1246559708293,4.657913896720346e-238
specter2_dim_694,1081.1026308459868,5.734349952415525e-237
scibert_dim_8,1076.182248446234,6.709962890266872e-236
scibert_dim_20,1071.6829113795995,6.361419747089821e-235
sent_transformer_dim_351,1070.4665994722757,1.1684882144229222e-234
sent_transformer_dim_145,1070.1363313346374,1.378250282583228e-234
sent_transformer_dim_205,1066.3002064042112,9.379585455710716e-234
specter2_dim_221,1063.9451575596731,3.0443034220950506e-233
scibert_dim_247,1060.1809333047747,1.998678246228082e-232
sent_transformer_dim_236,1059.6719392823582,2.577814148508127e-232
specter2_dim_302,1057.852811445824,6.40039825069973e-232
specter2_dim_647,1055.6752510471272,1.9010100216030217e-231
scibert_dim_471,1044.0634976409842,6.310803537610141e-229
scibert_dim_764,1043.4175943566752,8.716104474719357e-229
specter2_dim_342,1043.3960592220465,8.810450460456332e-229
sent_transformer_dim_97,1039.684514311171,5.634402653277373e-228
sent_transformer_dim_372,1033.3109217114807,1.363623625501347e-226
scibert_dim_727,1032.683486258576,1.866059313000416e-226
scibert_dim_492,1027.830902229157,2.1112553050166567e-225
scibert_dim_679,1024.436859482346,1.152064806240982e-224
scibert_dim_765,1023.3915051069641,1.9429065132950465e-224
scibert_dim_110,1016.4659151826986,6.197244618707304e-223
scibert_dim_361,1016.2707315985892,6.832489393617209e-223
specter2_dim_499,1015.6807593165963,9.176563999982777e-223
sent_transformer_dim_281,1011.9130129356313,6.036390423797415e-222
specter2_dim_89,1009.0898303549417,2.4761893635213983e-221
sent_transformer_dim_274,1005.2407563671044,1.6964890027812997e-220
sent_transformer_dim_373,1001.5948087880006,1.0500705476634931e-219
specter2_dim_2,1001.175793287331,1.2947988725571328e-219
specter2_dim_640,1000.5508051461329,1.7697446390407907e-219
specter2_dim_625,998.9703500441334,3.900203512875815e-219
sent_transformer_dim_196,981.8137375094213,2.0725697491807905e-215
scibert_dim_432,969.4973572907264,9.79477970380974e-213
specter2_dim_135,968.2583320997993,1.8199151973123317e-212
specter2_dim_252,961.7662566156331,4.675500727190151e-211
sent_transformer_dim_309,958.7455417032453,2.1173544625843892e-210
sent_transformer_dim_122,958.5851309787487,2.2941815778897813e-210
scibert_dim_591,958.3190321223273,2.620673340251061e-210
specter2_dim_301,955.6108379101948,1.0151186117367152e-209
scibert_dim_674,954.205386165387,2.0498501161591608e-209
nlp_avg_word_length,953.5662044887131,2.8217980369980205e-209
sent_transformer_dim_59,952.2779082423895,5.373919499401354e-209
specter2_dim_255,949.4457086139482,2.214785830404414e-208
sent_transformer_dim_185,947.8890409803269,4.823689329292887e-208
specter2_dim_117,946.0822876290301,1.1905214340920355e-207
scibert_dim_664,935.644333826462,2.200353583481289e-205
scibert_dim_459,933.6501093359419,5.9644926659365725e-205
specter2_dim_189,930.7639069119257,2.5256119696110756e-204
specter2_dim_719,926.8838707718428,1.7579060603017425e-203
specter2_dim_318,925.2192782485541,4.0410861045441306e-203
scibert_dim_521,924.3575322634983,6.21792518957136e-203
scibert_dim_170,923.6358363141003,8.920273312564893e-203
specter2_dim_316,923.494563663291,9.573235783057823e-203
specter2_dim_197,922.3022031735318,1.737831030693351e-202
scibert_dim_3,921.3047620899229,2.8617097612353263e-202
sent_transformer_dim_287,919.8331347844845,5.973450965694548e-202
scibert_dim_416,916.7555351067039,2.783584532906932e-201
specter2_dim_102,916.0470034058044,3.9671695034644665e-201
specter2_dim_638,915.7583156991329,4.583286167670955e-201
specter2_dim_198,911.2891963741329,4.283219276323934e-200
sent_transformer_dim_54,905.9605044343649,6.152567592160341e-199
sent_transformer_dim_293,905.3178619442742,8.484505181988448e-199
specter2_dim_454,902.0120028575011,4.4320177506131534e-198
sent_transformer_dim_289,900.4213510014907,9.81895481645048e-198
sent_transformer_dim_65,896.8703227795039,5.798230353646034e-197
sent_transformer_dim_168,896.476045725085,7.061987212235138e-197
specter2_dim_574,895.4040546591625,1.2071153758811846e-196
scibert_dim_527,895.2335718859782,1.314544734967021e-196
sent_transformer_dim_225,888.2573775048933,4.304515552656696e-195
scibert_dim_384,887.6336181894808,5.8802905798388756e-195
specter2_dim_183,884.9181863184982,2.2864760977819313e-194
specter2_dim_46,881.904572950504,1.0320512650135715e-193
specter2_dim_331,868.3245639358612,9.188320032904318e-191
specter2_dim_312,865.9778143325161,2.971339033064199e-190
specter2_dim_358,865.7222218202627,3.3765042381622216e-190
sent_transformer_dim_58,861.3586848214618,2.9939153117360713e-189
specter2_dim_738,858.9674513057112,9.899794205820694e-189
sent_transformer_dim_128,854.7766712112771,8.051736952498279e-188
scibert_dim_714,854.068544044513,1.1473610199578462e-187
specter2_dim_536,851.9479287682898,3.313714936333372e-187
scibert_dim_516,850.5816659854149,6.562659765525443e-187
specter2_dim_311,847.1032883422306,3.7378311439010734e-186
specter2_dim_359,843.2472205427092,2.5716102588022576e-185
publication_year,842.4767170596873,3.7806715511960674e-185
sent_transformer_dim_239,835.8918823372018,1.0183502549167614e-183
specter2_dim_265,832.4448087897805,5.710370029143855e-183
specter2_dim_191,826.6448985333625,1.0387826561322745e-181
sent_transformer_dim_77,823.3083423230763,5.511907807911804e-181
scibert_dim_558,821.0587526550786,1.6981197864926294e-180
specter2_dim_526,814.5285167385385,4.451561434737619e-179
sent_transformer_dim_17,806.1452715999228,2.948592129441156e-177
scibert_dim_364,806.0535060827639,3.087089714685887e-177
specter2_dim_608,802.8065586632015,1.5663838248531085e-176
specter2_dim_616,802.6514556912974,1.6927469940198432e-176
scibert_dim_92,801.0987331337882,3.6804350259967256e-176
scibert_dim_696,798.342968567906,1.4606747794154555e-175
specter2_dim_589,794.9351176580041,8.032878602393442e-175
specter2_dim_505,794.411290194484,1.0439206115619027e-174
specter2_dim_684,789.2935852695774,1.3503483581126508e-173
specter2_dim_110,786.5893816792051,5.222967861670505e-173
sent_transformer_dim_219,785.2526073878194,1.0193536124360385e-172
scibert_dim_159,784.5157622401878,1.473673318673291e-172
specter2_dim_655,783.4529394575787,2.507814032172484e-172
specter2_dim_385,782.5959189929515,3.8501722489248903e-172
sent_transformer_dim_235,771.7412331632403,8.783373341583505e-170
specter2_dim_688,771.0209955495756,1.2593181143999903e-169
specter2_dim_133,761.2663566133298,1.6572753700852458e-167
scibert_dim_39,759.9436778522495,3.2118826461432097e-167
specter2_dim_709,758.8415281286273,5.574595463878592e-167
scibert_dim_27,757.6812268300486,9.960975661625435e-167
scibert_dim_274,757.6055104151819,1.0345515858936631e-166
specter2_dim_12,753.5684121204633,7.795854480271885e-166
scibert_dim_761,752.8597331090998,1.111307842710649e-165
scibert_dim_402,751.7797630194137,1.9075411719413471e-165
sent_transformer_dim_142,749.9258648275836,4.822391776970916e-165
specter2_dim_203,745.8358753402551,3.7315092398504835e-164
scibert_dim_439,742.989287499344,1.5501073351590487e-163
specter2_dim_30,739.9352447773173,7.14361827402291e-163
specter2_dim_328,735.8723487951154,5.45354311594035e-162
scibert_dim_157,730.2189081664947,9.226563673061827e-161
sent_transformer_dim_346,729.68663683262,1.2041794367478198e-160
scibert_dim_502,721.7157093657445,6.495692516406502e-159
specter2_dim_554,716.8978984315179,7.235454902581783e-158
sent_transformer_dim_162,716.5601971387254,8.567300316240999e-158
sent_transformer_dim_174,714.9455655017471,1.921691677947344e-157
specter2_dim_116,712.711543495254,5.876411127669694e-157
specter2_dim_399,712.4322166605597,6.757826790466963e-157
scibert_dim_329,708.4137324685512,5.046479204569118e-156
scibert_dim_755,708.103479689274,5.89391868860233e-156
specter2_dim_517,704.2210583683564,4.1117921900070746e-155
specter2_dim_222,703.8341998973143,4.989921834444079e-155
scibert_dim_678,702.8598268657528,8.12495580527133e-155
specter2_dim_166,702.194533668054,1.1334095117637967e-154
scibert_dim_66,698.2592248125721,8.119354279402437e-154
scibert_dim_53,697.4155041263965,1.2384019653093498e-153
specter2_dim_482,697.3045961501332,1.3090671457777133e-153
scibert_dim_614,688.0716553256336,1.328336154611677e-151
scibert_dim_425,687.3553876173688,1.9008925003753832e-151
avg_concept_score,683.4060763138493,1.3714327629882978e-150
sent_transformer_dim_150,678.7101315647228,1.4376556768276851e-149
specter2_dim_22,676.2570590593367,4.9061470247982035e-149
scibert_dim_477,672.472537095425,3.25969051221863e-148
specter2_dim_242,668.2870756829199,2.647002327568708e-147
scibert_dim_636,665.3973591781502,1.123958449862022e-146
specter2_dim_158,663.2713590456046,3.256705030643858e-146
specter2_dim_568,663.2440052227709,3.3015893409136865e-146
scibert_dim_18,661.5145412341132,7.844717779485867e-146
scibert_dim_743,658.7610826827765,3.1115355801802315e-145
scibert_dim_65,653.5692902040838,4.181190099813907e-144
scibert_dim_373,653.2698891421077,4.857009296573698e-144
specter2_dim_412,653.0820418349688,5.335731186894566e-144
specter2_dim_661,652.2328496343847,8.161122397220264e-144
sent_transformer_dim_27,647.2140812271775,1.0057629163311071e-142
sent_transformer_dim_368,645.8644956235245,1.976099231236226e-142
scibert_dim_395,644.4205919601287,4.070259141038325e-142
scibert_dim_613,642.6561218424359,9.842566314393843e-142
specter2_dim_78,638.9541191034197,6.276269136368465e-141
specter2_dim_457,635.825333871369,3.0041370673559534e-140
scibert_dim_172,634.1162189068606,7.06620608825632e-140
specter2_dim_681,631.6753737335788,2.3971443006182747e-139
sent_transformer_dim_183,626.8086941758809,2.738174099960754e-138
sent_transformer_dim_92,625.9341561929228,4.241727499371631e-138
scibert_dim_33,624.1023530398343,1.0609354017645189e-137
nlp_char_count,622.3463664018094,2.5548105401459094e-137
scibert_dim_90,621.806721092339,3.3469787479369995e-137
specter2_dim_439,621.6700103525197,3.583997227267223e-137
specter2_dim_297,621.1071965109353,4.750048077954918e-137
specter2_dim_278,618.9511509141502,1.3974213112586925e-136
specter2_dim_168,615.9120934877683,6.395740505733919e-136
scibert_dim_465,614.7237981069449,1.1592533149693409e-135
specter2_dim_344,612.7067252807443,3.181348464677743e-135
scibert_dim_616,612.0019996151088,4.526805752256662e-135
specter2_dim_455,611.6351930877347,5.439034786861103e-135
sent_transformer_dim_26,605.240093692627,1.3353464406481603e-133
scibert_dim_483,605.1307038975876,1.4104957349146846e-133
scibert_dim_208,605.0741543223825,1.4509880657835407e-133
specter2_dim_551,602.9396388295012,4.223192997044462e-133
specter2_dim_115,599.072375292893,2.9259905273485946e-132
scibert_dim_758,597.4256142050614,6.671680082207008e-132
sent_transformer_dim_48,591.9582983347728,1.0296775609928342e-130
scibert_dim_397,591.714651531919,1.1632282018209745e-130
scibert_dim_472,591.0946794332367,1.5864778096507017e-130
scibert_dim_380,585.8484977613471,2.1920887977882584e-129
nlp_word_count,582.2151645102867,1.3511147588544836e-128
scibert_dim_280,581.8418897081024,1.628686227213816e-128
scibert_dim_240,581.1193786301211,2.3383120507361964e-128
sent_transformer_dim_220,580.5788895948965,3.0647739529119945e-128
specter2_dim_254,578.4731788766702,8.793417397306762e-128
specter2_dim_121,577.4138147943671,1.494354700502359e-127
scibert_dim_518,572.1128926682537,2.1224631748994935e-126
specter2_dim_351,569.7001153601791,7.101836801301765e-126
specter2_dim_355,569.0243961880933,9.96026583701876e-126
scibert_dim_306,568.5125316455711,1.2869145597101e-125
scibert_dim_565,567.3753203077791,2.273940189526577e-125
scibert_dim_171,564.5568119583862,9.322377995928212e-125
sent_transformer_dim_317,562.9046780944055,2.1316026848997223e-124
scibert_dim_671,562.7442853738061,2.309810312425628e-124
specter2_dim_529,561.2838771423703,4.798177731139378e-124
sent_transformer_dim_306,559.3601337574815,1.2569288006365666e-123
sent_transformer_dim_245,559.3042421891406,1.2925933557589422e-123
sent_transformer_dim_311,549.6462770810734,1.626366800044449e-121
specter2_dim_545,549.5928978567745,1.6704136122586066e-121
specter2_dim_508,548.992040946936,2.256630050664333e-121
scibert_dim_246,547.6560776756425,4.4047610791269905e-121
scibert_dim_489,546.0733597107235,9.728264121604904e-121
specter2_dim_420,544.1607169054904,2.534448434469703e-120
specter2_dim_741,541.6302193189855,8.99645352674032e-120
specter2_dim_700,541.3449755277533,1.0377439994562562e-119
scibert_dim_515,540.1963037565176,1.8443358639536946e-119
scibert_dim_271,539.6924282889845,2.373534002416449e-119
sent_transformer_dim_49,538.1549785765136,5.124812297851027e-119
sent_transformer_dim_275,533.1418094761673,6.305077039731488e-118
specter2_dim_507,528.4846924409163,6.490955814013798e-117
scibert_dim_139,522.6352035323021,1.2140049861198683e-115
specter2_dim_379,520.8984926646292,2.8963912617204618e-115
scibert_dim_612,513.4203097060501,1.2245485674065033e-113
scibert_dim_430,510.86724137480564,4.3969334049214704e-113
scibert_dim_292,510.5332772584034,5.1972318308880046e-113
scibert_dim_552,508.33330730164437,1.563758651756533e-112
specter2_dim_530,506.78727466188786,3.391310440602225e-112
scibert_dim_698,504.16536355999506,1.260462786201317e-111
scibert_dim_239,500.51780039703084,7.829675397932303e-111
scibert_dim_450,500.05509687722815,9.871113640328079e-111
scibert_dim_195,496.74871554449646,5.1689134660005544e-110
specter2_dim_509,496.5452196045841,5.723392997169081e-110
is_oa_venue,494.77523048793694,1.388594398033769e-109
sent_transformer_dim_56,493.83615273785233,2.2222825553304923e-109
specter2_dim_280,493.4447906976678,2.703399098647831e-109
sent_transformer_dim_324,490.8400596533137,9.962643379418645e-109
specter2_dim_345,490.39989648423096,1.2419379821304228e-108
specter2_dim_706,489.9701568947754,1.540134167498221e-108
sent_transformer_dim_135,489.51394506954773,1.935416957961693e-108
sent_transformer_dim_336,488.02860889339155,4.071964161334942e-108
specter2_dim_479,487.4816986064788,5.354834699352849e-108
scibert_dim_454,481.8943479393675,8.788269136344401e-107
scibert_dim_409,481.6472893633332,9.945700334130763e-107
abstract_length,481.5093336102556,1.0657098483375102e-106
scibert_dim_315,477.1606837509941,9.4064542582554e-106
scibert_dim_443,472.70842163355286,8.745214928113705e-105
sent_transformer_dim_42,472.0806874024235,1.1975713651827114e-104
specter2_dim_490,471.78695052297496,1.3873586202599852e-104
specter2_dim_419,471.0661015494786,1.9905484450512795e-104
specter2_dim_154,470.5166377347004,2.621084748160088e-104
specter2_dim_429,469.79440066913327,3.76329346348512e-104
specter2_dim_393,469.4695770482342,4.428102195323932e-104
specter2_dim_427,468.24598700188994,8.172429101234309e-104
sent_transformer_dim_15,466.43654422600457,2.0226105226851396e-103
specter2_dim_14,465.18160513840576,3.792005081701531e-103
specter2_dim_212,465.10774021538185,3.9349120211367043e-103
scibert_dim_214,464.69906668070786,4.828635029891262e-103
sent_transformer_dim_78,464.13908350047285,6.391826434018995e-103
scibert_dim_302,462.5698671263161,1.4026312063903318e-102
specter2_dim_44,462.241325995577,1.6535011442589416e-102
specter2_dim_716,462.17741096761563,1.707287564872636e-102
sent_transformer_dim_342,459.73839369581395,5.791910598223225e-102
scibert_dim_311,458.9260398372976,8.700016679323632e-102
sent_transformer_dim_137,454.1419519803209,9.553056831866711e-101
scibert_dim_255,452.84449798160006,1.829642121069191e-100
specter2_dim_111,447.68251300199495,2.427889040885311e-99
scibert_dim_730,447.6147053770726,2.511764641168148e-99
specter2_dim_624,445.86131542080193,6.044964327382129e-99
specter2_dim_57,444.8674393175555,9.94473762757063e-99
specter2_dim_271,442.58413888362355,3.120962448021232e-98
specter2_dim_315,442.1414528008433,3.895727436731235e-98
scibert_dim_433,441.76084038405537,4.71395633282463e-98
sent_transformer_dim_330,441.3618787536433,5.756710262436345e-98
specter2_dim_244,440.9428853623844,7.101025309942071e-98
sent_transformer_dim_375,440.8210292384669,7.547955933973239e-98
specter2_dim_384,437.99869047266054,3.103129298037232e-97
sent_transformer_dim_60,436.47737296415494,6.648920759460808e-97
scibert_dim_583,435.06274949969435,1.3505005426928202e-96
specter2_dim_711,430.34508582628115,1.4348830902483674e-95
scibert_dim_13,426.0448124782933,1.2369792985369378e-94
specter2_dim_527,423.8668761740384,3.6829283109126e-94
scibert_dim_729,423.04809798120175,5.550447771938433e-94
specter2_dim_268,422.571058267217,7.048781052743737e-94
sent_transformer_dim_22,420.7805362321825,1.7284927391438606e-93
specter2_dim_128,419.106345772484,3.998671136456808e-93
sent_transformer_dim_67,418.45062423823003,5.5536688245486734e-93
sent_transformer_dim_360,415.6096140769258,2.3051611065956513e-92
scibert_dim_248,415.0525491314445,3.0472201114932886e-92
specter2_dim_677,412.63500960182637,1.02306107151061e-91
scibert_dim_396,411.35895533141127,1.9388463816760847e-91
sent_transformer_dim_359,406.4541014013742,2.2633746890836484e-90
specter2_dim_177,405.1847178872235,4.27522269816484e-90
specter2_dim_218,404.4118706461083,6.2968309831991614e-90
specter2_dim_426,399.85304465176694,6.181482471885224e-89
scibert_dim_408,399.74721774657604,6.518088714995141e-89
scibert_dim_391,399.4603921818783,7.52545494008373e-89
scibert_dim_586,399.1930004337483,8.604321336373572e-89
abstract_word_count,395.44335664056445,5.631743403507105e-88
sent_transformer_dim_270,393.93832136651383,1.1971438782644495e-87
specter2_dim_256,391.70683691419634,3.662146188988498e-87
specter2_dim_732,391.0125123226482,5.185946766620406e-87
scibert_dim_168,390.2524751631006,7.589638387425291e-87
scibert_dim_45,389.18868879008306,1.2933471379161123e-86
scibert_dim_0,388.73569821615627,1.6229024924769372e-86
specter2_dim_283,382.124001033304,4.4579224626537836e-85
scibert_dim_493,379.3392271409676,1.7996090310158348e-84
scibert_dim_321,379.0325679456278,2.098537335666851e-84
specter2_dim_552,375.82220865412063,1.0485763347160523e-83
sent_transformer_dim_310,374.69695016720175,1.8428874500879198e-83
specter2_dim_747,372.33319001560784,6.024896417245486e-83
scibert_dim_513,370.4823619116197,1.5232539404216556e-82
sent_transformer_dim_169,369.31882792382004,2.7290552431071324e-82
sent_transformer_dim_366,366.9285591785154,9.041812597769589e-82
sent_transformer_dim_136,364.63765132478613,2.8502469864925977e-81
specter2_dim_516,364.60266769562355,2.9006606482634275e-81
scibert_dim_142,364.20160774158825,3.546423101289777e-81
specter2_dim_145,360.9999851958326,1.7646465713564693e-80
scibert_dim_158,360.4214140277327,2.3582614087643305e-80
specter2_dim_737,360.40950649186277,2.372377489456413e-80
specter2_dim_367,358.43616001979893,6.378453367584182e-80
sent_transformer_dim_165,358.11021570282026,7.510403681750203e-80
specter2_dim_728,357.5144403070201,1.012384519971247e-79
sent_transformer_dim_152,356.126830580222,2.0294980120758096e-79
sent_transformer_dim_356,350.1478936869054,4.0632689719150904e-78
scibert_dim_438,349.98092863316606,4.417955172557969e-78
scibert_dim_637,348.85215692007984,7.779273770939397e-78
sent_transformer_dim_297,346.99378334272825,1.974633122524291e-77
sent_transformer_dim_166,346.03817303204534,3.1879749795078785e-77
specter2_dim_566,345.03306409496633,5.2761948213241235e-77
sent_transformer_dim_121,344.5134164376344,6.846138270585871e-77
scibert_dim_28,344.0019828101052,8.846732389784397e-77
specter2_dim_261,341.81429393041924,2.6487487943855666e-76
specter2_dim_553,341.5090010920054,3.086764722849584e-76
scibert_dim_256,338.82242627925694,1.1868167075566403e-75
specter2_dim_523,332.3362895148962,3.065556034472191e-74
specter2_dim_651,331.14172545690616,5.5794701258316734e-74
specter2_dim_236,329.6493663657062,1.1790107592312284e-73
specter2_dim_612,329.55847329898074,1.2339787354201444e-73
specter2_dim_720,326.66333359819185,5.2682741241883e-73
specter2_dim_9,323.5038180552921,2.5681074166514927e-72
specter2_dim_239,322.97199300055956,3.3528462087858673e-72
scibert_dim_378,321.2191034694151,8.074120339998403e-72
scibert_dim_258,320.9749141284022,9.12570864442174e-72
sent_transformer_dim_283,320.7987364670273,9.968475787963906e-72
specter2_dim_620,317.4469154980321,5.351696812209614e-71
specter2_dim_205,313.9602990401711,3.074214652356566e-70
sent_transformer_dim_23,312.7096336193799,5.755527449030083e-70
scibert_dim_421,310.96468908452954,1.3806354029949358e-69
scibert_dim_343,310.11582515712314,2.1131847955801427e-69
specter2_dim_95,310.08671115655375,2.1442613207597797e-69
specter2_dim_286,309.49886197056344,2.879357956931357e-69
scibert_dim_22,305.8067754661483,1.833807215081135e-68
sent_transformer_dim_211,304.6141591894797,3.3349357393066713e-68
specter2_dim_557,302.8987701021776,7.882783686131156e-68
specter2_dim_246,300.58858901278563,2.510860461307006e-67
specter2_dim_380,297.9703016677666,9.3343898081918e-67
specter2_dim_765,294.00256608847246,6.828005981445191e-66
scibert_dim_684,293.6813731735119,8.021478143074339e-66
scibert_dim_707,292.55223326641243,1.4131875515077263e-65
sent_transformer_dim_320,290.7348194020262,3.5161711277453725e-65
specter2_dim_515,289.8545143858037,5.467916230668211e-65
scibert_dim_638,289.74572148665015,5.774571216765589e-65
specter2_dim_346,289.48236564416226,6.590002030954972e-65
specter2_dim_611,287.3374002435711,1.932513161981244e-64
sent_transformer_dim_117,287.2981216872376,1.9709636392136397e-64
scibert_dim_318,287.10827667083424,2.1678694043419585e-64
specter2_dim_543,286.03240497210095,3.718736189117197e-64
scibert_dim_604,284.39181041184634,8.4679880932507e-64
scibert_dim_545,283.95439948964884,1.054548447835949e-63
specter2_dim_217,282.4008447046087,2.2987930509510754e-63
specter2_dim_601,280.73715126312965,5.295830866173396e-63
scibert_dim_494,280.528583259489,5.879914963537949e-63
sent_transformer_dim_261,278.32969475827986,1.7717847025451443e-62
scibert_dim_309,276.7580937615576,3.897639595107448e-62
specter2_dim_472,276.34410270994374,4.797284395463614e-62
sent_transformer_dim_52,274.33203858716803,1.3163137556961706e-61
scibert_dim_103,271.9758065742107,4.292618418072139e-61
specter2_dim_127,270.3545697886579,9.681852808522396e-61
scibert_dim_217,266.18699610775604,7.834848096326366e-60
specter2_dim_294,262.9181841058859,4.039345384836589e-59
specter2_dim_334,261.8924185600405,6.75825457092287e-59
specter2_dim_231,261.0204642486044,1.0467525239035008e-58
scibert_dim_245,260.43905572109765,1.4013332953496802e-58
sent_transformer_dim_171,260.3410351846213,1.47197916286032e-58
scibert_dim_379,258.0161691512052,4.726462600668075e-58
scibert_dim_150,256.0703660747956,1.2548150085502881e-57
scibert_dim_12,255.43649278740048,1.7247287305064835e-57
scibert_dim_383,254.47720084146323,2.791152832048615e-57
specter2_dim_567,253.84419594055979,3.834767219788605e-57
scibert_dim_328,250.05855913509527,2.5633057121629564e-56
specter2_dim_361,246.93311530562548,1.2303118672561061e-55
specter2_dim_560,244.82106294065093,3.551191152472952e-55
specter2_dim_140,244.25699597299405,4.7133010938679924e-55
specter2_dim_459,239.88763470545584,4.2244248796903535e-54
specter2_dim_85,236.31249173297832,2.541794738651809e-53
scibert_dim_64,235.48872910557196,3.843493112594869e-53
scibert_dim_628,235.47416748676434,3.8716907416908423e-53
specter2_dim_196,233.96975630308108,8.239092201732288e-53
specter2_dim_332,232.4920688790474,1.729979974984581e-52
sent_transformer_dim_218,232.31749746184423,1.8884317765743215e-52
sent_transformer_dim_98,231.2893422364259,3.1641951101193507e-52
scibert_dim_358,229.2641152058284,8.746278983020366e-52
scibert_dim_680,227.51452203807224,2.105237601633812e-51
specter2_dim_473,225.9975450411427,4.508899099705361e-51
specter2_dim_519,225.35095263053734,6.238208643903637e-51
specter2_dim_483,224.33774980995443,1.0375101371181313e-50
sent_transformer_dim_123,224.00324042156115,1.227253577738822e-50
scibert_dim_478,223.40488314902774,1.6573386989310984e-50
specter2_dim_4,222.95224253397555,2.0802452162319848e-50
specter2_dim_697,218.01260513059506,2.4849503079802236e-49
scibert_dim_734,217.35596636916014,3.455585676968371e-49
specter2_dim_267,216.68187772787346,4.8476731374904394e-49
sent_transformer_dim_253,216.40363436266318,5.574628365964446e-49
specter2_dim_76,214.5725668889427,1.3981892567968003e-48
specter2_dim_282,214.3742565913952,1.5446062364742844e-48
specter2_dim_603,213.5274134908894,2.3632948288845468e-48
scibert_dim_753,210.2151219628958,1.2473172944768812e-47
scibert_dim_188,209.8058534242231,1.531962686659987e-47
specter2_dim_489,209.6540288906811,1.653350611152445e-47
specter2_dim_590,208.09842928788495,3.611497905976877e-47
specter2_dim_295,207.44597649407035,5.011991998007298e-47
sent_transformer_dim_347,207.31619476657502,5.349591381901232e-47
nlp_punctuation_ratio,206.470702108669,8.180056006005882e-47
specter2_dim_528,205.55714199522288,1.2943280682127422e-46
scibert_dim_134,204.81781354045523,1.87641114983569e-46
scibert_dim_655,204.60233714107582,2.090905830490071e-46
specter2_dim_683,202.59884633880412,5.720191791866049e-46
scibert_dim_331,199.94509644425486,2.1695966564787722e-45
scibert_dim_394,197.42678500850053,7.688382257899857e-45
scibert_dim_441,196.46827523468667,1.2444463074600567e-44
specter2_dim_326,195.504727202842,2.0193983348638503e-44
specter2_dim_173,194.87110274901914,2.776396886605373e-44
scibert_dim_21,194.74950799783707,2.9513064617410743e-44
scibert_dim_596,191.79136362218503,1.3047501566515698e-43
specter2_dim_322,191.2187973824755,1.7397074873848277e-43
sent_transformer_dim_325,190.5908002260058,2.385194819645745e-43
scibert_dim_607,190.08219968236583,3.0797634039923024e-43
specter2_dim_107,188.15458977896782,8.113348904144641e-43
scibert_dim_326,185.1279357181366,3.713521646343716e-42
scibert_dim_650,183.08303628727353,1.0378415033670947e-41
sent_transformer_dim_323,180.77257726936799,3.3149235247161567e-41
specter2_dim_79,179.89681340086625,5.148141352007356e-41
scibert_dim_462,177.9047152492193,1.4013277769225243e-40
scibert_dim_578,176.52576110733716,2.8027952376756115e-40
sent_transformer_dim_248,176.26352938308034,3.1977389054669576e-40
specter2_dim_725,175.57282878906287,4.525246519620794e-40
sent_transformer_dim_25,175.1823272797841,5.506823235740443e-40
sent_transformer_dim_86,173.65647504158986,1.1859153162306685e-39
specter2_dim_703,173.31222537187767,1.4099997022939407e-39
specter2_dim_485,171.1924253420645,4.09342514794117e-39
scibert_dim_287,167.3198085094456,2.8693091348681367e-38
specter2_dim_442,166.97761741324032,3.4080782945422083e-38
specter2_dim_736,165.19788702027122,8.340758156572082e-38
sent_transformer_dim_263,164.49834486412678,1.1857511719345084e-37
specter2_dim_386,163.79911438166607,1.6854561838008066e-37
sent_transformer_dim_51,163.43822354989044,2.020895022032914e-37
scibert_dim_337,163.39007488862654,2.070429911642868e-37
specter2_dim_155,162.8529432214263,2.7125876261851734e-37
sent_transformer_dim_327,162.6069377418526,3.06985902910223e-37
specter2_dim_570,161.74116046372492,4.74496500286726e-37
sent_transformer_dim_249,160.02161641909913,1.126827040196164e-36
sent_transformer_dim_268,159.90587670540629,1.194375303483117e-36
scibert_dim_202,158.01503578369392,3.0918241399629215e-36
scibert_dim_740,157.5124275186742,3.9812552773639326e-36
specter2_dim_329,156.37940342472612,7.039809001181689e-36
scibert_dim_584,153.80709247516134,2.568010960891206e-35
specter2_dim_289,153.58389917870892,2.873202486907241e-35
sent_transformer_dim_170,153.360905535317,3.2143445417816316e-35
scibert_dim_25,153.25521069864024,3.3899078696056045e-35
specter2_dim_68,149.33112465116204,2.4418418741723384e-34
sent_transformer_dim_316,148.6592199906141,3.424234559819982e-34
specter2_dim_404,148.28804648209044,4.127490070014553e-34
sent_transformer_dim_215,147.91607131073343,4.977200522981496e-34
scibert_dim_199,147.03501829391303,7.754504481866346e-34
scibert_dim_711,146.09053090196275,1.2473727244835978e-33
specter2_dim_266,145.33020544987977,1.8289070552126582e-33
sent_transformer_dim_146,145.00248699391898,2.1568882579404462e-33
sent_transformer_dim_192,143.65331125211966,4.253591653147619e-33
scibert_dim_308,140.61646690365046,1.9618982609829852e-32
sent_transformer_dim_365,140.37158254851593,2.2193096160373663e-32
specter2_dim_53,139.43628306124475,3.5540001688218966e-32
sent_transformer_dim_66,138.48430019465292,5.739508619708406e-32
scibert_dim_526,138.42330990321898,5.918490890955305e-32
scibert_dim_654,138.17224418754935,6.71598945314593e-32
specter2_dim_43,137.12218452636753,1.1395357164568494e-31
sent_transformer_dim_115,135.80364029348016,2.213470132963268e-31
sent_transformer_dim_45,134.58372902381535,4.091362063289967e-31
specter2_dim_571,134.57311292930444,4.113293770879701e-31
scibert_dim_57,133.98639442620993,5.527277226590996e-31
scibert_dim_431,132.45021415472104,1.1981458450289204e-30
specter2_dim_258,130.59593572611965,3.048752552692015e-30
sent_transformer_dim_279,129.43565878868182,5.469503056671556e-30
specter2_dim_149,126.34348916566475,2.5970797701151435e-29
specter2_dim_739,125.2658702037294,4.4697986733929425e-29
specter2_dim_425,122.5835560728885,1.727016911165555e-28
sent_transformer_dim_116,120.41824226235767,5.14324547174011e-28
specter2_dim_441,120.11346959020977,5.997233133838494e-28
sent_transformer_dim_96,119.69835496172396,7.392993010020179e-28
scibert_dim_265,119.16482762183213,9.674180726493874e-28
specter2_dim_3,119.01335944315969,1.0441736081138005e-27
sent_transformer_dim_134,118.79714594146067,1.164408827970812e-27
scibert_dim_89,118.74288159063414,1.1966991447727486e-27
specter2_dim_64,117.87093743649282,1.8572747942674284e-27
specter2_dim_214,115.52083886245292,6.073405782124636e-27
specter2_dim_717,114.21153565102026,1.1752856025759017e-26
specter2_dim_125,114.10345429780415,1.241115800337577e-26
scibert_dim_672,112.85226857257304,2.332519246889617e-26
sent_transformer_dim_43,111.85373685190007,3.8594464926904177e-26
scibert_dim_460,110.93815830343266,6.12450769401813e-26
scibert_dim_156,109.7518485094515,1.114138667306751e-25
scibert_dim_367,109.61038845244163,1.1965436379185632e-25
sent_transformer_dim_234,109.39679713646001,1.3326623211610386e-25
sent_transformer_dim_140,105.9196610380785,7.701486128052157e-25
scibert_dim_482,104.68322013956137,1.4372688634249282e-24
specter2_dim_495,103.70535660847061,2.3542669084688326e-24
scibert_dim_741,103.2916535407896,2.900897369989954e-24
specter2_dim_314,101.89603490957707,5.867504166018323e-24
sent_transformer_dim_167,101.2882069840206,7.974477895424473e-24
scibert_dim_272,100.67951729698065,1.0842955086128902e-23
scibert_dim_504,100.44956417314599,1.2177641368008875e-23
specter2_dim_310,99.94366105472487,1.5721088114913984e-23
scibert_dim_132,99.47107961889164,1.9957269606126768e-23
scibert_dim_191,98.72514238970261,2.908476384829469e-23
sent_transformer_dim_11,98.16086133857905,3.867279280442828e-23
scibert_dim_155,96.84333033904102,7.522313149710291e-23
specter2_dim_597,95.77970204624556,1.287190037814814e-22
specter2_dim_381,95.35377706631321,1.5961375816084894e-22
specter2_dim_219,93.59864761835021,3.873529752351133e-22
sent_transformer_dim_272,91.67603447143561,1.023224096738481e-21
sent_transformer_dim_358,91.50750553281934,1.1141767507424765e-21
scibert_dim_498,90.11523335468756,2.251712348981962e-21
sent_transformer_dim_291,90.0596376808509,2.3158765080650978e-21
sent_transformer_dim_243,87.465753403184,8.592668696188706e-21
specter2_dim_180,86.81579708611962,1.1935366774847496e-20
specter2_dim_234,85.51411104652571,2.305027200427826e-20
specter2_dim_33,84.78991788105054,3.324484003121696e-20
scibert_dim_213,82.2952231201507,1.1741692686757914e-19
specter2_dim_468,82.13709817796115,1.2719562464678332e-19
scibert_dim_419,81.78060253548004,1.5233521040220622e-19
sent_transformer_dim_326,80.89456859852132,2.38503200326357e-19
specter2_dim_160,80.86193055798545,2.4247471178143554e-19
scibert_dim_517,80.3500142555817,3.141702225923993e-19
scibert_dim_74,80.17430499369945,3.4338457316145433e-19
specter2_dim_199,78.40617282443176,8.402742847556681e-19
scibert_dim_179,78.27688872427143,8.971027226553946e-19
sent_transformer_dim_241,78.1184546074991,9.720133515968209e-19
specter2_dim_106,77.85447322523744,1.1109835675823147e-18
specter2_dim_432,77.67633655198158,1.215826840888467e-18
specter2_dim_653,77.09090671202733,1.6352669656491218e-18
scibert_dim_285,76.58650567667944,2.111055398970904e-18
scibert_dim_130,76.11939292930391,2.6743574599538927e-18
scibert_dim_78,75.73086426575277,3.2558494395216168e-18
specter2_dim_678,75.27313845994662,4.105196688273512e-18
sent_transformer_dim_148,75.01679946600773,4.6742839224050806e-18
specter2_dim_360,74.35334675175895,6.541105574797003e-18
specter2_dim_245,74.23188065167102,6.956185848611963e-18
specter2_dim_237,73.69491872026256,9.130579266907692e-18
sent_transformer_dim_305,72.77032778684409,1.4585676012981465e-17
scibert_dim_294,72.76019386493725,1.4660757462125765e-17
scibert_dim_40,71.91769695341137,2.246734859976428e-17
scibert_dim_232,69.77276892381657,6.663207420083292e-17
specter2_dim_363,69.73569854716578,6.789609188976312e-17
specter2_dim_374,69.4984757866077,7.657258701102989e-17
sent_transformer_dim_68,68.49021327161633,1.276692203144524e-16
sent_transformer_dim_332,67.08508382329434,2.6035243613277634e-16
scibert_dim_112,66.44475501300086,3.602648794925502e-16
scibert_dim_624,66.34564881977583,3.788402214431615e-16
specter2_dim_469,66.01154726607548,4.488132084098178e-16
specter2_dim_713,65.75502304416057,5.111953031381254e-16
scibert_dim_525,65.59208246717421,5.552517942198223e-16
scibert_dim_266,65.27178639181992,6.532347407088398e-16
scibert_dim_374,64.72381657338556,8.626397941522106e-16
specter2_dim_335,63.97186974693675,1.2634723204379324e-15
scibert_dim_190,63.75766297537669,1.4085884492191594e-15
sent_transformer_dim_203,61.74427521312157,3.914878624010145e-15
specter2_dim_253,61.58424034582356,4.246330244578848e-15
specter2_dim_467,61.25834215326736,5.01065442200579e-15
sent_transformer_dim_210,60.30089571336474,8.14900115144532e-15
specter2_dim_486,60.265480549645325,8.296937992248824e-15
specter2_dim_406,59.9226367323507,9.875552092907592e-15
specter2_dim_450,59.51917837050758,1.2122362047461129e-14
specter2_dim_292,58.897874928762896,1.6622662792634216e-14
scibert_dim_522,58.58270797327668,1.951023058770263e-14
scibert_dim_296,58.3458342156982,2.200633347663271e-14
sent_transformer_dim_237,57.96795578164303,2.6666377274165592e-14
specter2_dim_132,57.432723137270315,3.500507844721534e-14
scibert_dim_11,56.54759054133416,5.49018602732769e-14
specter2_dim_103,55.91681643324465,7.56668722558295e-14
sent_transformer_dim_207,55.68905689721196,8.49605383681221e-14
specter2_dim_699,54.61961263488586,1.4638639841434213e-13
specter2_dim_84,54.358288373571064,1.672051250365823e-13
sent_transformer_dim_80,54.09376995852253,1.9129741458919998e-13
sent_transformer_dim_292,53.96026017926278,2.0474678234108545e-13
specter2_dim_494,53.76394093411571,2.2626080144645103e-13
sent_transformer_dim_35,53.286532928533866,2.884972467729133e-13
sent_transformer_dim_298,51.98836861771266,5.587118330815765e-13
sent_transformer_dim_190,51.095479958108065,8.804280669080212e-13
scibert_dim_738,51.01389158017998,9.17791851578111e-13
specter2_dim_307,50.35088069948679,1.2866064234194958e-12
specter2_dim_544,50.17979145228996,1.403807480183315e-12
sent_transformer_dim_312,49.79753448222961,1.7057252351920428e-12
scibert_dim_323,49.50687501998382,1.978090302721903e-12
specter2_dim_398,48.946641084817294,2.631920779404073e-12
sent_transformer_dim_95,48.69701446612539,2.989128543169743e-12
sent_transformer_dim_181,48.25847192139638,3.738166281841635e-12
specter2_dim_348,48.24912303198641,3.756030255393642e-12
sent_transformer_dim_101,48.079582348489254,4.095227068516851e-12
scibert_dim_286,47.94534288855993,4.38541157799876e-12
specter2_dim_416,46.2297134213256,1.0523092182161807e-11
specter2_dim_376,46.03128243216408,1.1644674960950442e-11
sent_transformer_dim_314,45.005910210182826,1.965488747398813e-11
scibert_dim_557,43.9654633963826,3.343972752597379e-11
sent_transformer_dim_179,43.18782979001484,4.9754309468074614e-11
sent_transformer_dim_303,43.02509608053855,5.406942795016968e-11
specter2_dim_40,42.92349478833196,5.695148916203236e-11
specter2_dim_462,41.0024164973515,1.5211090875390302e-10
specter2_dim_673,40.67731965424944,1.7964035653276861e-10
scibert_dim_501,39.54260183018728,3.2111739533570153e-10
sent_transformer_dim_33,38.79115453056714,4.718546376863145e-10
specter2_dim_157,38.57954538568606,5.258837745099472e-10
scibert_dim_220,37.678915002317446,8.343365179038334e-10
specter2_dim_433,37.47860977000808,9.245661469912178e-10
specter2_dim_188,37.190912886188165,1.0715238682783794e-9
specter2_dim_16,36.057234986408695,1.9167449033757845e-9
scibert_dim_249,36.002448582938314,1.971399143319223e-9
sent_transformer_dim_232,34.89658224969652,3.4780718417047147e-9
sent_transformer_dim_371,33.75661753161506,6.24758462014391e-9
specter2_dim_138,33.6584990888367,6.570776759085559e-9
scibert_dim_742,31.884043075253008,1.637020914974196e-8
specter2_dim_182,31.61718487216966,1.8781260126460197e-8
scibert_dim_330,31.580982156924456,1.913466468925324e-8
specter2_dim_327,31.37225044962296,2.13061609967124e-8
scibert_dim_547,31.123389706998392,2.422010254679167e-8
specter2_dim_224,30.08646723127091,4.1330845034872626e-8
sent_transformer_dim_69,29.356482564461455,6.022917176897925e-8
scibert_dim_125,28.392122013417225,9.908987166427266e-8
specter2_dim_5,28.241963484246178,1.0708199476455548e-7
specter2_dim_92,27.421465457033076,1.6363947021809477e-7
scibert_dim_222,27.37093282193925,1.6797177312554385e-7
scibert_dim_273,27.18862027491074,1.8457979331668465e-7
sent_transformer_dim_228,26.88299945716592,2.161955552290806e-7
specter2_dim_503,26.42533503919109,2.739774958730465e-7
scibert_dim_683,26.386163384209794,2.7959026813981083e-7
sent_transformer_dim_280,25.99024631265043,3.43211578039734e-7
scibert_dim_728,25.985849380634043,3.4399412535328583e-7
sent_transformer_dim_0,25.807436294024665,3.7730270550371873e-7
specter2_dim_8,24.914317139533093,5.994610924263145e-7
scibert_dim_106,24.347096855477023,8.046131812072197e-7
sent_transformer_dim_151,24.145377608895508,8.934499546524077e-7
scibert_dim_737,23.593833569157393,1.1898683978505537e-6
sent_transformer_dim_72,22.60051295803823,1.994601911271307e-6
specter2_dim_691,22.492653617640812,2.1097903752774787e-6
scibert_dim_87,22.369756104458748,2.2491956329413376e-6
scibert_dim_569,21.648551454421813,3.2750080321735925e-6
nlp_sentence_count,21.619918129704573,3.3242628459979538e-6
scibert_dim_519,21.619857711995024,3.3243675582647814e-6
scibert_dim_534,21.459769437404827,3.613776843346404e-6
scibert_dim_4,20.21719060599834,6.913699585058794e-6
specter2_dim_558,20.186589411371408,7.025183940984555e-6
sent_transformer_dim_83,19.369680245717998,0.000010771511455245723
scibert_dim_219,18.91213210613926,0.000013689347638553414
specter2_dim_743,18.544183671004742,0.000016602746117521405
scibert_dim_381,17.320677962952736,0.00003157598950379982
sent_transformer_dim_64,16.89360328945232,0.00003953786793001884
specter2_dim_164,16.588655873662436,0.00004643162034792337
sent_transformer_dim_175,16.151237189716294,0.00005848481325702046
specter2_dim_501,15.913942038428448,0.00006629352273872446
sent_transformer_dim_57,14.85322892353024,0.00011621651586423916
specter2_dim_595,13.959491276558184,0.00018680301037517946
specter2_dim_83,13.67710435349078,0.0002170971782115481
sent_transformer_dim_349,13.59802965816691,0.00022643552122548572
scibert_dim_653,13.353951419239598,0.00025789241966878536
sent_transformer_dim_19,13.313882036840917,0.00026346230263861806
scibert_dim_314,12.660985435773691,0.00037338336138711964
scibert_dim_189,12.21046627457797,0.0004752429558467906
specter2_dim_337,12.029123592456349,0.0005237799115943207
scibert_dim_474,11.963154501793266,0.0005426527903795141
specter2_dim_434,11.867139871051346,0.0005713552603825651
specter2_dim_592,11.5006094442937,0.0006957617717732278
specter2_dim_707,11.313618331621797,0.00076943698508069
scibert_dim_83,10.829543847460501,0.0009989684459258646
scibert_dim_348,10.509202839014716,0.0011878553575692444
sent_transformer_dim_143,9.539814894735722,0.0020106775669730833
sent_transformer_dim_315,9.20954485382236,0.0024076298304186007
specter2_dim_576,8.980370778503893,0.0027290223940588166
sent_transformer_dim_73,8.954746786088526,0.002767565774117722
specter2_dim_19,8.784792223527242,0.0030375961587824282
sent_transformer_dim_271,8.642807338336565,0.003283628978695627
oa_status_diamond,8.334407112177445,0.003890203905520275
specter2_dim_549,8.231114182597043,0.004117914001583952
sent_transformer_dim_21,7.685640542595028,0.005566299252329435
sent_transformer_dim_246,7.575216787462767,0.0059177373046131404
specter2_dim_330,7.2349827449291855,0.007149773322550181
specter2_dim_153,7.205223787175457,0.007269293181222484
specter2_dim_391,7.053793870948719,0.00790988552983512
specter2_dim_100,7.0343282447378455,0.007996317552904524
specter2_dim_630,6.860148783197799,0.008814059509813519
sent_transformer_dim_118,6.687909756728299,0.009707041017145047
scibert_dim_449,6.544621815389356,0.010520320911311156
specter2_dim_493,6.41988032253164,0.011285134248581179
specter2_dim_701,6.351623170294447,0.011727555648167968
specter2_dim_60,6.325282983843518,0.011903011166400246
specter2_dim_593,5.473366424606891,0.0193086024649559
scibert_dim_166,5.2529700335683245,0.02190955941101418
sent_transformer_dim_264,5.245497414060631,0.022003852648739556
specter2_dim_42,5.222177405842884,0.022300828249119376
scibert_dim_595,5.071311272216063,0.02432520130607102
scibert_dim_62,5.0036060898675965,0.02529479328466031
scibert_dim_621,4.81714370330273,0.028178240665744397
sent_transformer_dim_109,4.325477898516221,0.03754613437396097
scibert_dim_196,4.273916455941947,0.03870189897651082
scibert_dim_691,4.244991117632966,0.03936654449999783
sent_transformer_dim_187,4.233393324496451,0.03963639108563395
specter2_dim_225,4.141521579915346,0.041843815640951465
scibert_dim_457,4.080410858909542,0.04338338595552869
sent_transformer_dim_88,3.736572378182602,0.053233834774667164
specter2_dim_562,3.6220002069620656,0.057020578913330795
scibert_dim_184,3.228086094598808,0.07238555336469268
scibert_dim_58,3.0495451507485574,0.08076007764444197
scibert_dim_5,3.024630789247651,0.08200930556266371
scibert_dim_236,2.976457949258307,0.08448429631281469
sent_transformer_dim_221,2.7884318403639323,0.09494742634996539
specter2_dim_498,2.7012373615245564,0.10027072672471636
specter2_dim_466,2.6622181304183576,0.10275767436393916
specter2_dim_410,2.2126080717542354,0.13688740575243896
specter2_dim_31,2.1345432584804183,0.14401367827585393
scibert_dim_415,2.0785220619112628,0.14938508184028762
specter2_dim_134,1.9729969710224275,0.16013043302646826
specter2_dim_546,1.9114848490126786,0.16679873413922755
specter2_dim_492,1.4068663469275684,0.23557758840121354
scibert_dim_80,1.2818255678926493,0.25756016042764207
sent_transformer_dim_144,1.1124710090680643,0.29154570169280053
sent_transformer_dim_12,0.9957623057131346,0.31833833442812887
sent_transformer_dim_93,0.822519344038646,0.3644448245521048
specter2_dim_591,0.755135940473917,0.3848552344001531
sent_transformer_dim_224,0.588804944766786,0.44288180013176326
scibert_dim_747,0.5835556943719209,0.44492215513927746
sent_transformer_dim_230,0.5323301208845247,0.4656290502480659
oa_status_hybrid,0.3776050212057382,0.5388879291280262
specter2_dim_58,0.36116299920532113,0.5478611857367415
specter2_dim_606,0.35427677025870413,0.5517022215731595
specter2_dim_333,0.3338194555934351,0.5634187978901375
sent_transformer_dim_307,0.2730708728550671,0.6012793246682518
oa_status_bronze,0.18840831374147177,0.6642447762203847
specter2_dim_621,0.17521346848476513,0.6755194896171726
sent_transformer_dim_156,0.15979605277633097,0.6893444442644925
sent_transformer_dim_138,0.13839978040079015,0.7098771399789339
specter2_dim_39,0.12081628256837038,0.7281509222892829
specter2_dim_159,0.08442237346425799,0.7713915255524998
specter2_dim_460,0.017655269463653728,0.8942937431047413
specter2_dim_437,0.011404937740708927,0.9149525067834507
specter2_dim_298,0.00618434253915261,0.9373185167644917
specter2_dim_213,0.00501282876434052,0.9435558854231167
sent_transformer_dim_102,0.002499994091958987,0.9601224453125522
